﻿<?xml version="1.0" encoding="utf-8"?>
<!--Generated by SiteServer CMS-->
<feed version="0.3" xmlns="http://purl.org/atom/ns#">
<title>siteserver channel</title>
<author>
<name>siteserver</name>
<url>http://www.siteserver.cn/</url>
</author>
<generator url="http://www.siteserver.cn/" version="6.5.1.0">Generated by SiteServer CMS</generator>
<modified>2018-08-22T15:28:36+08:00</modified>
<entry>
<title>title</title>
<id>http://www.siteserver.cn/</id>
<modified>2018-08-22T15:28:36+08:00</modified>
<issued>2018-08-22T15:28:36+08:00</issued>
<created>2018-08-22T15:28:36+08:00</created>
<dc:SiteServer_ImageUploadDirectoryName xmlns:dc="http://purl.org/dc/elements/1.1/"><![CDATA[upload/images]]></dc:SiteServer_ImageUploadDirectoryName>
<dc:SiteServer_VideoUploadDirectoryName xmlns:dc="http://purl.org/dc/elements/1.1/"><![CDATA[upload/videos]]></dc:SiteServer_VideoUploadDirectoryName>
<dc:SiteServer_FileUploadDirectoryName xmlns:dc="http://purl.org/dc/elements/1.1/"><![CDATA[upload/files]]></dc:SiteServer_FileUploadDirectoryName>
</entry>
</feed>
