﻿<?xml version="1.0" encoding="utf-8"?>
<!--Generated by SiteServer CMS-->
<feed version="0.3" xmlns="http://purl.org/atom/ns#">
<title>siteserver channel</title>
<author>
<name>siteserver</name>
<url>http://www.siteserver.cn/</url>
</author>
<generator url="http://www.siteserver.cn/" version="1.0.6331.15997">Generated by SiteServer CMS</generator>
<modified>2017-09-08T10:55:08+08:00</modified>
<dc:SiteServer_NodeID xmlns:dc="http://purl.org/dc/elements/1.1/"><![CDATA[377]]></dc:SiteServer_NodeID>
<dc:SiteServer_NodeName xmlns:dc="http://purl.org/dc/elements/1.1/"><![CDATA[荣誉资质]]></dc:SiteServer_NodeName>
<dc:SiteServer_NodeType xmlns:dc="http://purl.org/dc/elements/1.1/"><![CDATA[BackgroundNormalNode]]></dc:SiteServer_NodeType>
<dc:SiteServer_PublishmentSystemID xmlns:dc="http://purl.org/dc/elements/1.1/"><![CDATA[374]]></dc:SiteServer_PublishmentSystemID>
<dc:SiteServer_ContentModelID xmlns:dc="http://purl.org/dc/elements/1.1/"><![CDATA[Content]]></dc:SiteServer_ContentModelID>
<dc:SiteServer_ParentID xmlns:dc="http://purl.org/dc/elements/1.1/"><![CDATA[375]]></dc:SiteServer_ParentID>
<dc:SiteServer_ParentsPath xmlns:dc="http://purl.org/dc/elements/1.1/"><![CDATA[374,375]]></dc:SiteServer_ParentsPath>
<dc:SiteServer_ParentsCount xmlns:dc="http://purl.org/dc/elements/1.1/"><![CDATA[2]]></dc:SiteServer_ParentsCount>
<dc:SiteServer_ChildrenCount xmlns:dc="http://purl.org/dc/elements/1.1/"><![CDATA[0]]></dc:SiteServer_ChildrenCount>
<dc:SiteServer_IsLastNode xmlns:dc="http://purl.org/dc/elements/1.1/"><![CDATA[True]]></dc:SiteServer_IsLastNode>
<dc:SiteServer_NodeIndexName xmlns:dc="http://purl.org/dc/elements/1.1/"><![CDATA[荣誉资质]]></dc:SiteServer_NodeIndexName>
<dc:SiteServer_Taxis xmlns:dc="http://purl.org/dc/elements/1.1/"><![CDATA[4]]></dc:SiteServer_Taxis>
<dc:SiteServer_AddDate xmlns:dc="http://purl.org/dc/elements/1.1/"><![CDATA[2017年9月8日]]></dc:SiteServer_AddDate>
<dc:SiteServer_ContentNum xmlns:dc="http://purl.org/dc/elements/1.1/"><![CDATA[8]]></dc:SiteServer_ContentNum>
<dc:SiteServer_LinkType xmlns:dc="http://purl.org/dc/elements/1.1/"><![CDATA[LinkNoRelatedToChannelAndContent]]></dc:SiteServer_LinkType>
<dc:SiteServer_ChannelTemplateID xmlns:dc="http://purl.org/dc/elements/1.1/"><![CDATA[100]]></dc:SiteServer_ChannelTemplateID>
<dc:SiteServer_ContentTemplateID xmlns:dc="http://purl.org/dc/elements/1.1/"><![CDATA[97]]></dc:SiteServer_ContentTemplateID>
<dc:SiteServer_ChannelTemplateName xmlns:dc="http://purl.org/dc/elements/1.1/"><![CDATA[荣誉资质]]></dc:SiteServer_ChannelTemplateName>
<dc:SiteServer_ContentTemplateName xmlns:dc="http://purl.org/dc/elements/1.1/"><![CDATA[系统内容模板]]></dc:SiteServer_ContentTemplateName>
<entry>
<title>title</title>
<id>http://www.siteserver.cn/</id>
<modified>2017-09-08T10:55:08+08:00</modified>
<issued>2017-09-08T10:55:08+08:00</issued>
<created>2017-09-08T10:55:08+08:00</created>
<dc:SiteServer_Id xmlns:dc="http://purl.org/dc/elements/1.1/"><![CDATA[2728]]></dc:SiteServer_Id>
<dc:SiteServer_NodeId xmlns:dc="http://purl.org/dc/elements/1.1/"><![CDATA[377]]></dc:SiteServer_NodeId>
<dc:SiteServer_PublishmentSystemId xmlns:dc="http://purl.org/dc/elements/1.1/"><![CDATA[374]]></dc:SiteServer_PublishmentSystemId>
<dc:SiteServer_AddUserName xmlns:dc="http://purl.org/dc/elements/1.1/"><![CDATA[siteserver]]></dc:SiteServer_AddUserName>
<dc:SiteServer_LastEditUserName xmlns:dc="http://purl.org/dc/elements/1.1/"><![CDATA[siteserver]]></dc:SiteServer_LastEditUserName>
<dc:SiteServer_LastEditDate xmlns:dc="http://purl.org/dc/elements/1.1/"><![CDATA[09/01/2017 16:28:00]]></dc:SiteServer_LastEditDate>
<dc:SiteServer_Taxis xmlns:dc="http://purl.org/dc/elements/1.1/"><![CDATA[1]]></dc:SiteServer_Taxis>
<dc:SiteServer_IsChecked xmlns:dc="http://purl.org/dc/elements/1.1/"><![CDATA[True]]></dc:SiteServer_IsChecked>
<dc:SiteServer_CheckedLevel xmlns:dc="http://purl.org/dc/elements/1.1/"><![CDATA[0]]></dc:SiteServer_CheckedLevel>
<dc:SiteServer_Comments xmlns:dc="http://purl.org/dc/elements/1.1/"><![CDATA[0]]></dc:SiteServer_Comments>
<dc:SiteServer_Photos xmlns:dc="http://purl.org/dc/elements/1.1/"><![CDATA[0]]></dc:SiteServer_Photos>
<dc:SiteServer_Hits xmlns:dc="http://purl.org/dc/elements/1.1/"><![CDATA[0]]></dc:SiteServer_Hits>
<dc:SiteServer_HitsByDay xmlns:dc="http://purl.org/dc/elements/1.1/"><![CDATA[0]]></dc:SiteServer_HitsByDay>
<dc:SiteServer_HitsByWeek xmlns:dc="http://purl.org/dc/elements/1.1/"><![CDATA[0]]></dc:SiteServer_HitsByWeek>
<dc:SiteServer_HitsByMonth xmlns:dc="http://purl.org/dc/elements/1.1/"><![CDATA[0]]></dc:SiteServer_HitsByMonth>
<dc:SiteServer_LastHitsDate xmlns:dc="http://purl.org/dc/elements/1.1/"><![CDATA[09/01/2017 16:28:00]]></dc:SiteServer_LastHitsDate>
<dc:SiteServer_Title xmlns:dc="http://purl.org/dc/elements/1.1/"><![CDATA[D5GX+zNjO4T13DGqW5rDIha5oLzERLmKuST8ijzBU1w=]]></dc:SiteServer_Title>
<dc:SiteServer_IsTop xmlns:dc="http://purl.org/dc/elements/1.1/"><![CDATA[False]]></dc:SiteServer_IsTop>
<dc:SiteServer_AddDate xmlns:dc="http://purl.org/dc/elements/1.1/"><![CDATA[09/01/2017 16:26:00]]></dc:SiteServer_AddDate>
<dc:SiteServer_imageurl xmlns:dc="http://purl.org/dc/elements/1.1/"><![CDATA[q9dXCghVU18CESpqOjA9BRluOq3Mh5dy]]></dc:SiteServer_imageurl>
<dc:SiteServer_isrecommend xmlns:dc="http://purl.org/dc/elements/1.1/"><![CDATA[yAriKCEGpnc=]]></dc:SiteServer_isrecommend>
<dc:SiteServer_ishot xmlns:dc="http://purl.org/dc/elements/1.1/"><![CDATA[yAriKCEGpnc=]]></dc:SiteServer_ishot>
<dc:SiteServer_iscolor xmlns:dc="http://purl.org/dc/elements/1.1/"><![CDATA[yAriKCEGpnc=]]></dc:SiteServer_iscolor>
<dc:SiteServer_titleformatstring xmlns:dc="http://purl.org/dc/elements/1.1/"><![CDATA[gS5v14GEtRgpRV+jhkACTC3JFjAckCMO]]></dc:SiteServer_titleformatstring>
<dc:SiteServer_check_isadmin xmlns:dc="http://purl.org/dc/elements/1.1/"><![CDATA[Xz/xeYVjObg=]]></dc:SiteServer_check_isadmin>
<dc:SiteServer_check_username xmlns:dc="http://purl.org/dc/elements/1.1/"><![CDATA[GmJfFAwpVOY=]]></dc:SiteServer_check_username>
<dc:SiteServer_check_checkdate xmlns:dc="http://purl.org/dc/elements/1.1/"><![CDATA[CGCS05RYPWExRmUPzHNb3olk0DJJLnWo]]></dc:SiteServer_check_checkdate>
</entry>
<entry>
<title>title</title>
<id>http://www.siteserver.cn/</id>
<modified>2017-09-08T10:55:08+08:00</modified>
<issued>2017-09-08T10:55:08+08:00</issued>
<created>2017-09-08T10:55:08+08:00</created>
<dc:SiteServer_Id xmlns:dc="http://purl.org/dc/elements/1.1/"><![CDATA[2729]]></dc:SiteServer_Id>
<dc:SiteServer_NodeId xmlns:dc="http://purl.org/dc/elements/1.1/"><![CDATA[377]]></dc:SiteServer_NodeId>
<dc:SiteServer_PublishmentSystemId xmlns:dc="http://purl.org/dc/elements/1.1/"><![CDATA[374]]></dc:SiteServer_PublishmentSystemId>
<dc:SiteServer_AddUserName xmlns:dc="http://purl.org/dc/elements/1.1/"><![CDATA[siteserver]]></dc:SiteServer_AddUserName>
<dc:SiteServer_LastEditUserName xmlns:dc="http://purl.org/dc/elements/1.1/"><![CDATA[siteserver]]></dc:SiteServer_LastEditUserName>
<dc:SiteServer_LastEditDate xmlns:dc="http://purl.org/dc/elements/1.1/"><![CDATA[09/01/2017 16:28:00]]></dc:SiteServer_LastEditDate>
<dc:SiteServer_Taxis xmlns:dc="http://purl.org/dc/elements/1.1/"><![CDATA[2]]></dc:SiteServer_Taxis>
<dc:SiteServer_IsChecked xmlns:dc="http://purl.org/dc/elements/1.1/"><![CDATA[True]]></dc:SiteServer_IsChecked>
<dc:SiteServer_CheckedLevel xmlns:dc="http://purl.org/dc/elements/1.1/"><![CDATA[0]]></dc:SiteServer_CheckedLevel>
<dc:SiteServer_Comments xmlns:dc="http://purl.org/dc/elements/1.1/"><![CDATA[0]]></dc:SiteServer_Comments>
<dc:SiteServer_Photos xmlns:dc="http://purl.org/dc/elements/1.1/"><![CDATA[0]]></dc:SiteServer_Photos>
<dc:SiteServer_Hits xmlns:dc="http://purl.org/dc/elements/1.1/"><![CDATA[0]]></dc:SiteServer_Hits>
<dc:SiteServer_HitsByDay xmlns:dc="http://purl.org/dc/elements/1.1/"><![CDATA[0]]></dc:SiteServer_HitsByDay>
<dc:SiteServer_HitsByWeek xmlns:dc="http://purl.org/dc/elements/1.1/"><![CDATA[0]]></dc:SiteServer_HitsByWeek>
<dc:SiteServer_HitsByMonth xmlns:dc="http://purl.org/dc/elements/1.1/"><![CDATA[0]]></dc:SiteServer_HitsByMonth>
<dc:SiteServer_LastHitsDate xmlns:dc="http://purl.org/dc/elements/1.1/"><![CDATA[09/01/2017 16:28:00]]></dc:SiteServer_LastHitsDate>
<dc:SiteServer_Title xmlns:dc="http://purl.org/dc/elements/1.1/"><![CDATA[D5GX+zNjO4T13DGqW5rDIha5oLzERLmKuST8ijzBU1w=]]></dc:SiteServer_Title>
<dc:SiteServer_IsTop xmlns:dc="http://purl.org/dc/elements/1.1/"><![CDATA[False]]></dc:SiteServer_IsTop>
<dc:SiteServer_AddDate xmlns:dc="http://purl.org/dc/elements/1.1/"><![CDATA[09/01/2017 16:28:00]]></dc:SiteServer_AddDate>
<dc:SiteServer_imageurl xmlns:dc="http://purl.org/dc/elements/1.1/"><![CDATA[q9dXCghVU19SvK1sCjn66B8CM60hymZc]]></dc:SiteServer_imageurl>
<dc:SiteServer_isrecommend xmlns:dc="http://purl.org/dc/elements/1.1/"><![CDATA[yAriKCEGpnc=]]></dc:SiteServer_isrecommend>
<dc:SiteServer_ishot xmlns:dc="http://purl.org/dc/elements/1.1/"><![CDATA[yAriKCEGpnc=]]></dc:SiteServer_ishot>
<dc:SiteServer_iscolor xmlns:dc="http://purl.org/dc/elements/1.1/"><![CDATA[yAriKCEGpnc=]]></dc:SiteServer_iscolor>
<dc:SiteServer_titleformatstring xmlns:dc="http://purl.org/dc/elements/1.1/"><![CDATA[gS5v14GEtRgpRV+jhkACTC3JFjAckCMO]]></dc:SiteServer_titleformatstring>
<dc:SiteServer_check_isadmin xmlns:dc="http://purl.org/dc/elements/1.1/"><![CDATA[Xz/xeYVjObg=]]></dc:SiteServer_check_isadmin>
<dc:SiteServer_check_username xmlns:dc="http://purl.org/dc/elements/1.1/"><![CDATA[GmJfFAwpVOY=]]></dc:SiteServer_check_username>
<dc:SiteServer_check_checkdate xmlns:dc="http://purl.org/dc/elements/1.1/"><![CDATA[CGCS05RYPWExRmUPzHNb3olk0DJJLnWo]]></dc:SiteServer_check_checkdate>
</entry>
<entry>
<title>title</title>
<id>http://www.siteserver.cn/</id>
<modified>2017-09-08T10:55:08+08:00</modified>
<issued>2017-09-08T10:55:08+08:00</issued>
<created>2017-09-08T10:55:08+08:00</created>
<dc:SiteServer_Id xmlns:dc="http://purl.org/dc/elements/1.1/"><![CDATA[2730]]></dc:SiteServer_Id>
<dc:SiteServer_NodeId xmlns:dc="http://purl.org/dc/elements/1.1/"><![CDATA[377]]></dc:SiteServer_NodeId>
<dc:SiteServer_PublishmentSystemId xmlns:dc="http://purl.org/dc/elements/1.1/"><![CDATA[374]]></dc:SiteServer_PublishmentSystemId>
<dc:SiteServer_AddUserName xmlns:dc="http://purl.org/dc/elements/1.1/"><![CDATA[siteserver]]></dc:SiteServer_AddUserName>
<dc:SiteServer_LastEditUserName xmlns:dc="http://purl.org/dc/elements/1.1/"><![CDATA[siteserver]]></dc:SiteServer_LastEditUserName>
<dc:SiteServer_LastEditDate xmlns:dc="http://purl.org/dc/elements/1.1/"><![CDATA[09/01/2017 16:29:00]]></dc:SiteServer_LastEditDate>
<dc:SiteServer_Taxis xmlns:dc="http://purl.org/dc/elements/1.1/"><![CDATA[3]]></dc:SiteServer_Taxis>
<dc:SiteServer_IsChecked xmlns:dc="http://purl.org/dc/elements/1.1/"><![CDATA[True]]></dc:SiteServer_IsChecked>
<dc:SiteServer_CheckedLevel xmlns:dc="http://purl.org/dc/elements/1.1/"><![CDATA[0]]></dc:SiteServer_CheckedLevel>
<dc:SiteServer_Comments xmlns:dc="http://purl.org/dc/elements/1.1/"><![CDATA[0]]></dc:SiteServer_Comments>
<dc:SiteServer_Photos xmlns:dc="http://purl.org/dc/elements/1.1/"><![CDATA[0]]></dc:SiteServer_Photos>
<dc:SiteServer_Hits xmlns:dc="http://purl.org/dc/elements/1.1/"><![CDATA[0]]></dc:SiteServer_Hits>
<dc:SiteServer_HitsByDay xmlns:dc="http://purl.org/dc/elements/1.1/"><![CDATA[0]]></dc:SiteServer_HitsByDay>
<dc:SiteServer_HitsByWeek xmlns:dc="http://purl.org/dc/elements/1.1/"><![CDATA[0]]></dc:SiteServer_HitsByWeek>
<dc:SiteServer_HitsByMonth xmlns:dc="http://purl.org/dc/elements/1.1/"><![CDATA[0]]></dc:SiteServer_HitsByMonth>
<dc:SiteServer_LastHitsDate xmlns:dc="http://purl.org/dc/elements/1.1/"><![CDATA[09/01/2017 16:29:00]]></dc:SiteServer_LastHitsDate>
<dc:SiteServer_Title xmlns:dc="http://purl.org/dc/elements/1.1/"><![CDATA[D5GX+zNjO4T13DGqW5rDIha5oLzERLmKuST8ijzBU1w=]]></dc:SiteServer_Title>
<dc:SiteServer_IsTop xmlns:dc="http://purl.org/dc/elements/1.1/"><![CDATA[False]]></dc:SiteServer_IsTop>
<dc:SiteServer_AddDate xmlns:dc="http://purl.org/dc/elements/1.1/"><![CDATA[09/01/2017 16:28:00]]></dc:SiteServer_AddDate>
<dc:SiteServer_imageurl xmlns:dc="http://purl.org/dc/elements/1.1/"><![CDATA[q9dXCghVU18lb9KqwH3Nch1lEN3wV2iy]]></dc:SiteServer_imageurl>
<dc:SiteServer_isrecommend xmlns:dc="http://purl.org/dc/elements/1.1/"><![CDATA[yAriKCEGpnc=]]></dc:SiteServer_isrecommend>
<dc:SiteServer_ishot xmlns:dc="http://purl.org/dc/elements/1.1/"><![CDATA[yAriKCEGpnc=]]></dc:SiteServer_ishot>
<dc:SiteServer_iscolor xmlns:dc="http://purl.org/dc/elements/1.1/"><![CDATA[yAriKCEGpnc=]]></dc:SiteServer_iscolor>
<dc:SiteServer_titleformatstring xmlns:dc="http://purl.org/dc/elements/1.1/"><![CDATA[gS5v14GEtRgpRV+jhkACTC3JFjAckCMO]]></dc:SiteServer_titleformatstring>
<dc:SiteServer_check_isadmin xmlns:dc="http://purl.org/dc/elements/1.1/"><![CDATA[Xz/xeYVjObg=]]></dc:SiteServer_check_isadmin>
<dc:SiteServer_check_username xmlns:dc="http://purl.org/dc/elements/1.1/"><![CDATA[GmJfFAwpVOY=]]></dc:SiteServer_check_username>
<dc:SiteServer_check_checkdate xmlns:dc="http://purl.org/dc/elements/1.1/"><![CDATA[CGCS05RYPWFvkomVHdI5NeR3IitWbW0J]]></dc:SiteServer_check_checkdate>
</entry>
<entry>
<title>title</title>
<id>http://www.siteserver.cn/</id>
<modified>2017-09-08T10:55:08+08:00</modified>
<issued>2017-09-08T10:55:08+08:00</issued>
<created>2017-09-08T10:55:08+08:00</created>
<dc:SiteServer_Id xmlns:dc="http://purl.org/dc/elements/1.1/"><![CDATA[2731]]></dc:SiteServer_Id>
<dc:SiteServer_NodeId xmlns:dc="http://purl.org/dc/elements/1.1/"><![CDATA[377]]></dc:SiteServer_NodeId>
<dc:SiteServer_PublishmentSystemId xmlns:dc="http://purl.org/dc/elements/1.1/"><![CDATA[374]]></dc:SiteServer_PublishmentSystemId>
<dc:SiteServer_AddUserName xmlns:dc="http://purl.org/dc/elements/1.1/"><![CDATA[siteserver]]></dc:SiteServer_AddUserName>
<dc:SiteServer_LastEditUserName xmlns:dc="http://purl.org/dc/elements/1.1/"><![CDATA[siteserver]]></dc:SiteServer_LastEditUserName>
<dc:SiteServer_LastEditDate xmlns:dc="http://purl.org/dc/elements/1.1/"><![CDATA[09/01/2017 16:29:00]]></dc:SiteServer_LastEditDate>
<dc:SiteServer_Taxis xmlns:dc="http://purl.org/dc/elements/1.1/"><![CDATA[4]]></dc:SiteServer_Taxis>
<dc:SiteServer_IsChecked xmlns:dc="http://purl.org/dc/elements/1.1/"><![CDATA[True]]></dc:SiteServer_IsChecked>
<dc:SiteServer_CheckedLevel xmlns:dc="http://purl.org/dc/elements/1.1/"><![CDATA[0]]></dc:SiteServer_CheckedLevel>
<dc:SiteServer_Comments xmlns:dc="http://purl.org/dc/elements/1.1/"><![CDATA[0]]></dc:SiteServer_Comments>
<dc:SiteServer_Photos xmlns:dc="http://purl.org/dc/elements/1.1/"><![CDATA[0]]></dc:SiteServer_Photos>
<dc:SiteServer_Hits xmlns:dc="http://purl.org/dc/elements/1.1/"><![CDATA[0]]></dc:SiteServer_Hits>
<dc:SiteServer_HitsByDay xmlns:dc="http://purl.org/dc/elements/1.1/"><![CDATA[0]]></dc:SiteServer_HitsByDay>
<dc:SiteServer_HitsByWeek xmlns:dc="http://purl.org/dc/elements/1.1/"><![CDATA[0]]></dc:SiteServer_HitsByWeek>
<dc:SiteServer_HitsByMonth xmlns:dc="http://purl.org/dc/elements/1.1/"><![CDATA[0]]></dc:SiteServer_HitsByMonth>
<dc:SiteServer_LastHitsDate xmlns:dc="http://purl.org/dc/elements/1.1/"><![CDATA[09/01/2017 16:29:00]]></dc:SiteServer_LastHitsDate>
<dc:SiteServer_Title xmlns:dc="http://purl.org/dc/elements/1.1/"><![CDATA[D5GX+zNjO4T13DGqW5rDIha5oLzERLmKuST8ijzBU1w=]]></dc:SiteServer_Title>
<dc:SiteServer_IsTop xmlns:dc="http://purl.org/dc/elements/1.1/"><![CDATA[False]]></dc:SiteServer_IsTop>
<dc:SiteServer_AddDate xmlns:dc="http://purl.org/dc/elements/1.1/"><![CDATA[09/01/2017 16:29:00]]></dc:SiteServer_AddDate>
<dc:SiteServer_imageurl xmlns:dc="http://purl.org/dc/elements/1.1/"><![CDATA[q9dXCghVU1+KU2OL64Dujoiu886vCRyQ]]></dc:SiteServer_imageurl>
<dc:SiteServer_isrecommend xmlns:dc="http://purl.org/dc/elements/1.1/"><![CDATA[yAriKCEGpnc=]]></dc:SiteServer_isrecommend>
<dc:SiteServer_ishot xmlns:dc="http://purl.org/dc/elements/1.1/"><![CDATA[yAriKCEGpnc=]]></dc:SiteServer_ishot>
<dc:SiteServer_iscolor xmlns:dc="http://purl.org/dc/elements/1.1/"><![CDATA[yAriKCEGpnc=]]></dc:SiteServer_iscolor>
<dc:SiteServer_titleformatstring xmlns:dc="http://purl.org/dc/elements/1.1/"><![CDATA[gS5v14GEtRgpRV+jhkACTC3JFjAckCMO]]></dc:SiteServer_titleformatstring>
<dc:SiteServer_check_isadmin xmlns:dc="http://purl.org/dc/elements/1.1/"><![CDATA[Xz/xeYVjObg=]]></dc:SiteServer_check_isadmin>
<dc:SiteServer_check_username xmlns:dc="http://purl.org/dc/elements/1.1/"><![CDATA[GmJfFAwpVOY=]]></dc:SiteServer_check_username>
<dc:SiteServer_check_checkdate xmlns:dc="http://purl.org/dc/elements/1.1/"><![CDATA[CGCS05RYPWFvkomVHdI5NeR3IitWbW0J]]></dc:SiteServer_check_checkdate>
</entry>
<entry>
<title>title</title>
<id>http://www.siteserver.cn/</id>
<modified>2017-09-08T10:55:08+08:00</modified>
<issued>2017-09-08T10:55:08+08:00</issued>
<created>2017-09-08T10:55:08+08:00</created>
<dc:SiteServer_Id xmlns:dc="http://purl.org/dc/elements/1.1/"><![CDATA[2732]]></dc:SiteServer_Id>
<dc:SiteServer_NodeId xmlns:dc="http://purl.org/dc/elements/1.1/"><![CDATA[377]]></dc:SiteServer_NodeId>
<dc:SiteServer_PublishmentSystemId xmlns:dc="http://purl.org/dc/elements/1.1/"><![CDATA[374]]></dc:SiteServer_PublishmentSystemId>
<dc:SiteServer_AddUserName xmlns:dc="http://purl.org/dc/elements/1.1/"><![CDATA[siteserver]]></dc:SiteServer_AddUserName>
<dc:SiteServer_LastEditUserName xmlns:dc="http://purl.org/dc/elements/1.1/"><![CDATA[siteserver]]></dc:SiteServer_LastEditUserName>
<dc:SiteServer_LastEditDate xmlns:dc="http://purl.org/dc/elements/1.1/"><![CDATA[09/01/2017 16:28:00]]></dc:SiteServer_LastEditDate>
<dc:SiteServer_Taxis xmlns:dc="http://purl.org/dc/elements/1.1/"><![CDATA[5]]></dc:SiteServer_Taxis>
<dc:SiteServer_IsChecked xmlns:dc="http://purl.org/dc/elements/1.1/"><![CDATA[True]]></dc:SiteServer_IsChecked>
<dc:SiteServer_CheckedLevel xmlns:dc="http://purl.org/dc/elements/1.1/"><![CDATA[0]]></dc:SiteServer_CheckedLevel>
<dc:SiteServer_Comments xmlns:dc="http://purl.org/dc/elements/1.1/"><![CDATA[0]]></dc:SiteServer_Comments>
<dc:SiteServer_Photos xmlns:dc="http://purl.org/dc/elements/1.1/"><![CDATA[0]]></dc:SiteServer_Photos>
<dc:SiteServer_Hits xmlns:dc="http://purl.org/dc/elements/1.1/"><![CDATA[0]]></dc:SiteServer_Hits>
<dc:SiteServer_HitsByDay xmlns:dc="http://purl.org/dc/elements/1.1/"><![CDATA[0]]></dc:SiteServer_HitsByDay>
<dc:SiteServer_HitsByWeek xmlns:dc="http://purl.org/dc/elements/1.1/"><![CDATA[0]]></dc:SiteServer_HitsByWeek>
<dc:SiteServer_HitsByMonth xmlns:dc="http://purl.org/dc/elements/1.1/"><![CDATA[0]]></dc:SiteServer_HitsByMonth>
<dc:SiteServer_LastHitsDate xmlns:dc="http://purl.org/dc/elements/1.1/"><![CDATA[09/01/2017 16:28:00]]></dc:SiteServer_LastHitsDate>
<dc:SiteServer_Title xmlns:dc="http://purl.org/dc/elements/1.1/"><![CDATA[D5GX+zNjO4T13DGqW5rDIha5oLzERLmKuST8ijzBU1w=]]></dc:SiteServer_Title>
<dc:SiteServer_IsTop xmlns:dc="http://purl.org/dc/elements/1.1/"><![CDATA[False]]></dc:SiteServer_IsTop>
<dc:SiteServer_AddDate xmlns:dc="http://purl.org/dc/elements/1.1/"><![CDATA[09/01/2017 16:26:00]]></dc:SiteServer_AddDate>
<dc:SiteServer_imageurl xmlns:dc="http://purl.org/dc/elements/1.1/"><![CDATA[q9dXCghVU18CESpqOjA9BRluOq3Mh5dy]]></dc:SiteServer_imageurl>
<dc:SiteServer_isrecommend xmlns:dc="http://purl.org/dc/elements/1.1/"><![CDATA[yAriKCEGpnc=]]></dc:SiteServer_isrecommend>
<dc:SiteServer_ishot xmlns:dc="http://purl.org/dc/elements/1.1/"><![CDATA[yAriKCEGpnc=]]></dc:SiteServer_ishot>
<dc:SiteServer_iscolor xmlns:dc="http://purl.org/dc/elements/1.1/"><![CDATA[yAriKCEGpnc=]]></dc:SiteServer_iscolor>
<dc:SiteServer_titleformatstring xmlns:dc="http://purl.org/dc/elements/1.1/"><![CDATA[gS5v14GEtRgpRV+jhkACTC3JFjAckCMO]]></dc:SiteServer_titleformatstring>
<dc:SiteServer_check_isadmin xmlns:dc="http://purl.org/dc/elements/1.1/"><![CDATA[Xz/xeYVjObg=]]></dc:SiteServer_check_isadmin>
<dc:SiteServer_check_username xmlns:dc="http://purl.org/dc/elements/1.1/"><![CDATA[GmJfFAwpVOY=]]></dc:SiteServer_check_username>
<dc:SiteServer_check_checkdate xmlns:dc="http://purl.org/dc/elements/1.1/"><![CDATA[CGCS05RYPWExRmUPzHNb3olk0DJJLnWo]]></dc:SiteServer_check_checkdate>
<dc:SiteServer_translatecontenttype xmlns:dc="http://purl.org/dc/elements/1.1/"><![CDATA[YpzU3jfOomk=]]></dc:SiteServer_translatecontenttype>
</entry>
<entry>
<title>title</title>
<id>http://www.siteserver.cn/</id>
<modified>2017-09-08T10:55:08+08:00</modified>
<issued>2017-09-08T10:55:08+08:00</issued>
<created>2017-09-08T10:55:08+08:00</created>
<dc:SiteServer_Id xmlns:dc="http://purl.org/dc/elements/1.1/"><![CDATA[2733]]></dc:SiteServer_Id>
<dc:SiteServer_NodeId xmlns:dc="http://purl.org/dc/elements/1.1/"><![CDATA[377]]></dc:SiteServer_NodeId>
<dc:SiteServer_PublishmentSystemId xmlns:dc="http://purl.org/dc/elements/1.1/"><![CDATA[374]]></dc:SiteServer_PublishmentSystemId>
<dc:SiteServer_AddUserName xmlns:dc="http://purl.org/dc/elements/1.1/"><![CDATA[siteserver]]></dc:SiteServer_AddUserName>
<dc:SiteServer_LastEditUserName xmlns:dc="http://purl.org/dc/elements/1.1/"><![CDATA[siteserver]]></dc:SiteServer_LastEditUserName>
<dc:SiteServer_LastEditDate xmlns:dc="http://purl.org/dc/elements/1.1/"><![CDATA[09/01/2017 16:28:00]]></dc:SiteServer_LastEditDate>
<dc:SiteServer_Taxis xmlns:dc="http://purl.org/dc/elements/1.1/"><![CDATA[6]]></dc:SiteServer_Taxis>
<dc:SiteServer_IsChecked xmlns:dc="http://purl.org/dc/elements/1.1/"><![CDATA[True]]></dc:SiteServer_IsChecked>
<dc:SiteServer_CheckedLevel xmlns:dc="http://purl.org/dc/elements/1.1/"><![CDATA[0]]></dc:SiteServer_CheckedLevel>
<dc:SiteServer_Comments xmlns:dc="http://purl.org/dc/elements/1.1/"><![CDATA[0]]></dc:SiteServer_Comments>
<dc:SiteServer_Photos xmlns:dc="http://purl.org/dc/elements/1.1/"><![CDATA[0]]></dc:SiteServer_Photos>
<dc:SiteServer_Hits xmlns:dc="http://purl.org/dc/elements/1.1/"><![CDATA[0]]></dc:SiteServer_Hits>
<dc:SiteServer_HitsByDay xmlns:dc="http://purl.org/dc/elements/1.1/"><![CDATA[0]]></dc:SiteServer_HitsByDay>
<dc:SiteServer_HitsByWeek xmlns:dc="http://purl.org/dc/elements/1.1/"><![CDATA[0]]></dc:SiteServer_HitsByWeek>
<dc:SiteServer_HitsByMonth xmlns:dc="http://purl.org/dc/elements/1.1/"><![CDATA[0]]></dc:SiteServer_HitsByMonth>
<dc:SiteServer_LastHitsDate xmlns:dc="http://purl.org/dc/elements/1.1/"><![CDATA[09/01/2017 16:28:00]]></dc:SiteServer_LastHitsDate>
<dc:SiteServer_Title xmlns:dc="http://purl.org/dc/elements/1.1/"><![CDATA[D5GX+zNjO4T13DGqW5rDIha5oLzERLmKuST8ijzBU1w=]]></dc:SiteServer_Title>
<dc:SiteServer_IsTop xmlns:dc="http://purl.org/dc/elements/1.1/"><![CDATA[False]]></dc:SiteServer_IsTop>
<dc:SiteServer_AddDate xmlns:dc="http://purl.org/dc/elements/1.1/"><![CDATA[09/01/2017 16:28:00]]></dc:SiteServer_AddDate>
<dc:SiteServer_imageurl xmlns:dc="http://purl.org/dc/elements/1.1/"><![CDATA[q9dXCghVU19SvK1sCjn66B8CM60hymZc]]></dc:SiteServer_imageurl>
<dc:SiteServer_isrecommend xmlns:dc="http://purl.org/dc/elements/1.1/"><![CDATA[yAriKCEGpnc=]]></dc:SiteServer_isrecommend>
<dc:SiteServer_ishot xmlns:dc="http://purl.org/dc/elements/1.1/"><![CDATA[yAriKCEGpnc=]]></dc:SiteServer_ishot>
<dc:SiteServer_iscolor xmlns:dc="http://purl.org/dc/elements/1.1/"><![CDATA[yAriKCEGpnc=]]></dc:SiteServer_iscolor>
<dc:SiteServer_titleformatstring xmlns:dc="http://purl.org/dc/elements/1.1/"><![CDATA[gS5v14GEtRgpRV+jhkACTC3JFjAckCMO]]></dc:SiteServer_titleformatstring>
<dc:SiteServer_check_isadmin xmlns:dc="http://purl.org/dc/elements/1.1/"><![CDATA[Xz/xeYVjObg=]]></dc:SiteServer_check_isadmin>
<dc:SiteServer_check_username xmlns:dc="http://purl.org/dc/elements/1.1/"><![CDATA[GmJfFAwpVOY=]]></dc:SiteServer_check_username>
<dc:SiteServer_check_checkdate xmlns:dc="http://purl.org/dc/elements/1.1/"><![CDATA[CGCS05RYPWExRmUPzHNb3olk0DJJLnWo]]></dc:SiteServer_check_checkdate>
<dc:SiteServer_translatecontenttype xmlns:dc="http://purl.org/dc/elements/1.1/"><![CDATA[YpzU3jfOomk=]]></dc:SiteServer_translatecontenttype>
</entry>
<entry>
<title>title</title>
<id>http://www.siteserver.cn/</id>
<modified>2017-09-08T10:55:08+08:00</modified>
<issued>2017-09-08T10:55:08+08:00</issued>
<created>2017-09-08T10:55:08+08:00</created>
<dc:SiteServer_Id xmlns:dc="http://purl.org/dc/elements/1.1/"><![CDATA[2734]]></dc:SiteServer_Id>
<dc:SiteServer_NodeId xmlns:dc="http://purl.org/dc/elements/1.1/"><![CDATA[377]]></dc:SiteServer_NodeId>
<dc:SiteServer_PublishmentSystemId xmlns:dc="http://purl.org/dc/elements/1.1/"><![CDATA[374]]></dc:SiteServer_PublishmentSystemId>
<dc:SiteServer_AddUserName xmlns:dc="http://purl.org/dc/elements/1.1/"><![CDATA[siteserver]]></dc:SiteServer_AddUserName>
<dc:SiteServer_LastEditUserName xmlns:dc="http://purl.org/dc/elements/1.1/"><![CDATA[siteserver]]></dc:SiteServer_LastEditUserName>
<dc:SiteServer_LastEditDate xmlns:dc="http://purl.org/dc/elements/1.1/"><![CDATA[09/01/2017 16:29:00]]></dc:SiteServer_LastEditDate>
<dc:SiteServer_Taxis xmlns:dc="http://purl.org/dc/elements/1.1/"><![CDATA[7]]></dc:SiteServer_Taxis>
<dc:SiteServer_IsChecked xmlns:dc="http://purl.org/dc/elements/1.1/"><![CDATA[True]]></dc:SiteServer_IsChecked>
<dc:SiteServer_CheckedLevel xmlns:dc="http://purl.org/dc/elements/1.1/"><![CDATA[0]]></dc:SiteServer_CheckedLevel>
<dc:SiteServer_Comments xmlns:dc="http://purl.org/dc/elements/1.1/"><![CDATA[0]]></dc:SiteServer_Comments>
<dc:SiteServer_Photos xmlns:dc="http://purl.org/dc/elements/1.1/"><![CDATA[0]]></dc:SiteServer_Photos>
<dc:SiteServer_Hits xmlns:dc="http://purl.org/dc/elements/1.1/"><![CDATA[0]]></dc:SiteServer_Hits>
<dc:SiteServer_HitsByDay xmlns:dc="http://purl.org/dc/elements/1.1/"><![CDATA[0]]></dc:SiteServer_HitsByDay>
<dc:SiteServer_HitsByWeek xmlns:dc="http://purl.org/dc/elements/1.1/"><![CDATA[0]]></dc:SiteServer_HitsByWeek>
<dc:SiteServer_HitsByMonth xmlns:dc="http://purl.org/dc/elements/1.1/"><![CDATA[0]]></dc:SiteServer_HitsByMonth>
<dc:SiteServer_LastHitsDate xmlns:dc="http://purl.org/dc/elements/1.1/"><![CDATA[09/01/2017 16:29:00]]></dc:SiteServer_LastHitsDate>
<dc:SiteServer_Title xmlns:dc="http://purl.org/dc/elements/1.1/"><![CDATA[D5GX+zNjO4T13DGqW5rDIha5oLzERLmKuST8ijzBU1w=]]></dc:SiteServer_Title>
<dc:SiteServer_IsTop xmlns:dc="http://purl.org/dc/elements/1.1/"><![CDATA[False]]></dc:SiteServer_IsTop>
<dc:SiteServer_AddDate xmlns:dc="http://purl.org/dc/elements/1.1/"><![CDATA[09/01/2017 16:28:00]]></dc:SiteServer_AddDate>
<dc:SiteServer_imageurl xmlns:dc="http://purl.org/dc/elements/1.1/"><![CDATA[q9dXCghVU18lb9KqwH3Nch1lEN3wV2iy]]></dc:SiteServer_imageurl>
<dc:SiteServer_isrecommend xmlns:dc="http://purl.org/dc/elements/1.1/"><![CDATA[yAriKCEGpnc=]]></dc:SiteServer_isrecommend>
<dc:SiteServer_ishot xmlns:dc="http://purl.org/dc/elements/1.1/"><![CDATA[yAriKCEGpnc=]]></dc:SiteServer_ishot>
<dc:SiteServer_iscolor xmlns:dc="http://purl.org/dc/elements/1.1/"><![CDATA[yAriKCEGpnc=]]></dc:SiteServer_iscolor>
<dc:SiteServer_titleformatstring xmlns:dc="http://purl.org/dc/elements/1.1/"><![CDATA[gS5v14GEtRgpRV+jhkACTC3JFjAckCMO]]></dc:SiteServer_titleformatstring>
<dc:SiteServer_check_isadmin xmlns:dc="http://purl.org/dc/elements/1.1/"><![CDATA[Xz/xeYVjObg=]]></dc:SiteServer_check_isadmin>
<dc:SiteServer_check_username xmlns:dc="http://purl.org/dc/elements/1.1/"><![CDATA[GmJfFAwpVOY=]]></dc:SiteServer_check_username>
<dc:SiteServer_check_checkdate xmlns:dc="http://purl.org/dc/elements/1.1/"><![CDATA[CGCS05RYPWFvkomVHdI5NeR3IitWbW0J]]></dc:SiteServer_check_checkdate>
<dc:SiteServer_translatecontenttype xmlns:dc="http://purl.org/dc/elements/1.1/"><![CDATA[YpzU3jfOomk=]]></dc:SiteServer_translatecontenttype>
</entry>
<entry>
<title>title</title>
<id>http://www.siteserver.cn/</id>
<modified>2017-09-08T10:55:08+08:00</modified>
<issued>2017-09-08T10:55:08+08:00</issued>
<created>2017-09-08T10:55:08+08:00</created>
<dc:SiteServer_Id xmlns:dc="http://purl.org/dc/elements/1.1/"><![CDATA[2735]]></dc:SiteServer_Id>
<dc:SiteServer_NodeId xmlns:dc="http://purl.org/dc/elements/1.1/"><![CDATA[377]]></dc:SiteServer_NodeId>
<dc:SiteServer_PublishmentSystemId xmlns:dc="http://purl.org/dc/elements/1.1/"><![CDATA[374]]></dc:SiteServer_PublishmentSystemId>
<dc:SiteServer_AddUserName xmlns:dc="http://purl.org/dc/elements/1.1/"><![CDATA[siteserver]]></dc:SiteServer_AddUserName>
<dc:SiteServer_LastEditUserName xmlns:dc="http://purl.org/dc/elements/1.1/"><![CDATA[siteserver]]></dc:SiteServer_LastEditUserName>
<dc:SiteServer_LastEditDate xmlns:dc="http://purl.org/dc/elements/1.1/"><![CDATA[09/01/2017 16:29:00]]></dc:SiteServer_LastEditDate>
<dc:SiteServer_Taxis xmlns:dc="http://purl.org/dc/elements/1.1/"><![CDATA[8]]></dc:SiteServer_Taxis>
<dc:SiteServer_IsChecked xmlns:dc="http://purl.org/dc/elements/1.1/"><![CDATA[True]]></dc:SiteServer_IsChecked>
<dc:SiteServer_CheckedLevel xmlns:dc="http://purl.org/dc/elements/1.1/"><![CDATA[0]]></dc:SiteServer_CheckedLevel>
<dc:SiteServer_Comments xmlns:dc="http://purl.org/dc/elements/1.1/"><![CDATA[0]]></dc:SiteServer_Comments>
<dc:SiteServer_Photos xmlns:dc="http://purl.org/dc/elements/1.1/"><![CDATA[0]]></dc:SiteServer_Photos>
<dc:SiteServer_Hits xmlns:dc="http://purl.org/dc/elements/1.1/"><![CDATA[0]]></dc:SiteServer_Hits>
<dc:SiteServer_HitsByDay xmlns:dc="http://purl.org/dc/elements/1.1/"><![CDATA[0]]></dc:SiteServer_HitsByDay>
<dc:SiteServer_HitsByWeek xmlns:dc="http://purl.org/dc/elements/1.1/"><![CDATA[0]]></dc:SiteServer_HitsByWeek>
<dc:SiteServer_HitsByMonth xmlns:dc="http://purl.org/dc/elements/1.1/"><![CDATA[0]]></dc:SiteServer_HitsByMonth>
<dc:SiteServer_LastHitsDate xmlns:dc="http://purl.org/dc/elements/1.1/"><![CDATA[09/01/2017 16:29:00]]></dc:SiteServer_LastHitsDate>
<dc:SiteServer_Title xmlns:dc="http://purl.org/dc/elements/1.1/"><![CDATA[D5GX+zNjO4T13DGqW5rDIha5oLzERLmKuST8ijzBU1w=]]></dc:SiteServer_Title>
<dc:SiteServer_IsTop xmlns:dc="http://purl.org/dc/elements/1.1/"><![CDATA[False]]></dc:SiteServer_IsTop>
<dc:SiteServer_AddDate xmlns:dc="http://purl.org/dc/elements/1.1/"><![CDATA[09/01/2017 16:29:00]]></dc:SiteServer_AddDate>
<dc:SiteServer_imageurl xmlns:dc="http://purl.org/dc/elements/1.1/"><![CDATA[q9dXCghVU1+KU2OL64Dujoiu886vCRyQ]]></dc:SiteServer_imageurl>
<dc:SiteServer_isrecommend xmlns:dc="http://purl.org/dc/elements/1.1/"><![CDATA[yAriKCEGpnc=]]></dc:SiteServer_isrecommend>
<dc:SiteServer_ishot xmlns:dc="http://purl.org/dc/elements/1.1/"><![CDATA[yAriKCEGpnc=]]></dc:SiteServer_ishot>
<dc:SiteServer_iscolor xmlns:dc="http://purl.org/dc/elements/1.1/"><![CDATA[yAriKCEGpnc=]]></dc:SiteServer_iscolor>
<dc:SiteServer_titleformatstring xmlns:dc="http://purl.org/dc/elements/1.1/"><![CDATA[gS5v14GEtRgpRV+jhkACTC3JFjAckCMO]]></dc:SiteServer_titleformatstring>
<dc:SiteServer_check_isadmin xmlns:dc="http://purl.org/dc/elements/1.1/"><![CDATA[Xz/xeYVjObg=]]></dc:SiteServer_check_isadmin>
<dc:SiteServer_check_username xmlns:dc="http://purl.org/dc/elements/1.1/"><![CDATA[GmJfFAwpVOY=]]></dc:SiteServer_check_username>
<dc:SiteServer_check_checkdate xmlns:dc="http://purl.org/dc/elements/1.1/"><![CDATA[CGCS05RYPWFvkomVHdI5NeR3IitWbW0J]]></dc:SiteServer_check_checkdate>
<dc:SiteServer_translatecontenttype xmlns:dc="http://purl.org/dc/elements/1.1/"><![CDATA[YpzU3jfOomk=]]></dc:SiteServer_translatecontenttype>
</entry>
</feed>
