﻿<?xml version="1.0" encoding="utf-8"?>
<!--Generated by SiteServer CMS-->
<feed version="0.3" xmlns="http://purl.org/atom/ns#">
<title>siteserver channel</title>
<generator url="http://www.siteserver.cn/" version="1.0.6422.9420">Generated by SiteServer CMS</generator>
<modified>2017-10-27T17:10:25+08:00</modified>
<dc:SiteServer_InputID xmlns:dc="http://purl.org/dc/elements/1.1/"><![CDATA[4]]></dc:SiteServer_InputID>
<dc:SiteServer_InputName xmlns:dc="http://purl.org/dc/elements/1.1/"><![CDATA[提交表单]]></dc:SiteServer_InputName>
<dc:SiteServer_PublishmentSystemID xmlns:dc="http://purl.org/dc/elements/1.1/"><![CDATA[430]]></dc:SiteServer_PublishmentSystemID>
<dc:SiteServer_AddDate xmlns:dc="http://purl.org/dc/elements/1.1/"><![CDATA[2017-10-26 12:08]]></dc:SiteServer_AddDate>
<dc:SiteServer_IsChecked xmlns:dc="http://purl.org/dc/elements/1.1/"><![CDATA[True]]></dc:SiteServer_IsChecked>
<dc:SiteServer_IsReply xmlns:dc="http://purl.org/dc/elements/1.1/"><![CDATA[False]]></dc:SiteServer_IsReply>
<dc:SiteServer_Taxis xmlns:dc="http://purl.org/dc/elements/1.1/"><![CDATA[1]]></dc:SiteServer_Taxis>
<dc:SiteServer_SettingsXML xmlns:dc="http://purl.org/dc/elements/1.1/"><![CDATA[3Hm/6rFm3ZHMOpweyd9dZHYgzqSfrCEdDupdJz98VEwDBPTwwUBTQrRquwc1b5+fq5cKJO4gvrp2/dmULlLK6H7Cga/b9loHUGzw5MfWbko3ihpFI+sbq/uCe9o8og4SAgzVPYukjuKp9p1bqDEZ57nQw7k0Yo0p+q2f/NK/Gf7FTFrZXk5SrQ==]]></dc:SiteServer_SettingsXML>
</feed>
