﻿<?xml version="1.0" encoding="utf-8"?>
<!--Generated by SiteServer CMS-->
<feed version="0.3" xmlns="http://purl.org/atom/ns#">
<title>siteserver channel</title>
<author>
<name>siteserver</name>
<url>http://www.siteserver.cn/</url>
</author>
<generator url="http://www.siteserver.cn/" version="1.0.6422.9420">Generated by SiteServer CMS</generator>
<modified>2017-10-27T17:10:25+08:00</modified>
<dc:SiteServer_TableStyleID xmlns:dc="http://purl.org/dc/elements/1.1/"><![CDATA[58]]></dc:SiteServer_TableStyleID>
<dc:SiteServer_RelatedIdentity xmlns:dc="http://purl.org/dc/elements/1.1/"><![CDATA[448]]></dc:SiteServer_RelatedIdentity>
<dc:SiteServer_TableName xmlns:dc="http://purl.org/dc/elements/1.1/"><![CDATA[siteserver_Node]]></dc:SiteServer_TableName>
<dc:SiteServer_AttributeName xmlns:dc="http://purl.org/dc/elements/1.1/"><![CDATA[icon]]></dc:SiteServer_AttributeName>
<dc:SiteServer_Taxis xmlns:dc="http://purl.org/dc/elements/1.1/"><![CDATA[1]]></dc:SiteServer_Taxis>
<dc:SiteServer_DisplayName xmlns:dc="http://purl.org/dc/elements/1.1/"><![CDATA[icon]]></dc:SiteServer_DisplayName>
<dc:SiteServer_IsVisible xmlns:dc="http://purl.org/dc/elements/1.1/"><![CDATA[True]]></dc:SiteServer_IsVisible>
<dc:SiteServer_IsVisibleInList xmlns:dc="http://purl.org/dc/elements/1.1/"><![CDATA[False]]></dc:SiteServer_IsVisibleInList>
<dc:SiteServer_IsSingleLine xmlns:dc="http://purl.org/dc/elements/1.1/"><![CDATA[True]]></dc:SiteServer_IsSingleLine>
<dc:SiteServer_InputType xmlns:dc="http://purl.org/dc/elements/1.1/"><![CDATA[SelectOne]]></dc:SiteServer_InputType>
<dc:SiteServer_IsHorizontal xmlns:dc="http://purl.org/dc/elements/1.1/"><![CDATA[True]]></dc:SiteServer_IsHorizontal>
<dc:SiteServer_ExtendValues xmlns:dc="http://purl.org/dc/elements/1.1/"><![CDATA[columns=0&height=0&width=&isformatstring=False&relatedfieldid=0&relatedfieldstyle=Horizontal]]></dc:SiteServer_ExtendValues>
<dc:SiteServer_OrderString xmlns:dc="http://purl.org/dc/elements/1.1/"><![CDATA[1_6]]></dc:SiteServer_OrderString>
<entry>
<title>title</title>
<id>http://www.siteserver.cn/</id>
<modified>2017-10-27T17:10:25+08:00</modified>
<issued>2017-10-27T17:10:25+08:00</issued>
<created>2017-10-27T17:10:25+08:00</created>
<dc:SiteServer_TableStyleItemID xmlns:dc="http://purl.org/dc/elements/1.1/"><![CDATA[28]]></dc:SiteServer_TableStyleItemID>
<dc:SiteServer_TableStyleID xmlns:dc="http://purl.org/dc/elements/1.1/"><![CDATA[58]]></dc:SiteServer_TableStyleID>
<dc:SiteServer_ItemTitle xmlns:dc="http://purl.org/dc/elements/1.1/"><![CDATA[fa-cog]]></dc:SiteServer_ItemTitle>
<dc:SiteServer_ItemValue xmlns:dc="http://purl.org/dc/elements/1.1/"><![CDATA[fa-cog]]></dc:SiteServer_ItemValue>
<dc:SiteServer_IsSelected xmlns:dc="http://purl.org/dc/elements/1.1/"><![CDATA[True]]></dc:SiteServer_IsSelected>
</entry>
<entry>
<title>title</title>
<id>http://www.siteserver.cn/</id>
<modified>2017-10-27T17:10:25+08:00</modified>
<issued>2017-10-27T17:10:25+08:00</issued>
<created>2017-10-27T17:10:25+08:00</created>
<dc:SiteServer_TableStyleItemID xmlns:dc="http://purl.org/dc/elements/1.1/"><![CDATA[29]]></dc:SiteServer_TableStyleItemID>
<dc:SiteServer_TableStyleID xmlns:dc="http://purl.org/dc/elements/1.1/"><![CDATA[58]]></dc:SiteServer_TableStyleID>
<dc:SiteServer_ItemTitle xmlns:dc="http://purl.org/dc/elements/1.1/"><![CDATA[fa-bars]]></dc:SiteServer_ItemTitle>
<dc:SiteServer_ItemValue xmlns:dc="http://purl.org/dc/elements/1.1/"><![CDATA[fa-bars]]></dc:SiteServer_ItemValue>
<dc:SiteServer_IsSelected xmlns:dc="http://purl.org/dc/elements/1.1/"><![CDATA[False]]></dc:SiteServer_IsSelected>
</entry>
<entry>
<title>title</title>
<id>http://www.siteserver.cn/</id>
<modified>2017-10-27T17:10:25+08:00</modified>
<issued>2017-10-27T17:10:25+08:00</issued>
<created>2017-10-27T17:10:25+08:00</created>
<dc:SiteServer_TableStyleItemID xmlns:dc="http://purl.org/dc/elements/1.1/"><![CDATA[30]]></dc:SiteServer_TableStyleItemID>
<dc:SiteServer_TableStyleID xmlns:dc="http://purl.org/dc/elements/1.1/"><![CDATA[58]]></dc:SiteServer_TableStyleID>
<dc:SiteServer_ItemTitle xmlns:dc="http://purl.org/dc/elements/1.1/"><![CDATA[fa-desktop]]></dc:SiteServer_ItemTitle>
<dc:SiteServer_ItemValue xmlns:dc="http://purl.org/dc/elements/1.1/"><![CDATA[fa-desktop]]></dc:SiteServer_ItemValue>
<dc:SiteServer_IsSelected xmlns:dc="http://purl.org/dc/elements/1.1/"><![CDATA[False]]></dc:SiteServer_IsSelected>
</entry>
</feed>
