﻿<?xml version="1.0" encoding="utf-8"?>
<!--Generated by SiteServer CMS-->
<feed version="0.3" xmlns="http://purl.org/atom/ns#">
<title>siteserver channel</title>
<generator url="http://www.siteserver.cn/" version="6.5.1.0">Generated by SiteServer CMS</generator>
<modified>2018-09-06T17:41:50+08:00</modified>
<dc:SiteServer_Id xmlns:dc="http://purl.org/dc/elements/1.1/"><![CDATA[0]]></dc:SiteServer_Id>
<dc:SiteServer_TableStyleID xmlns:dc="http://purl.org/dc/elements/1.1/"><![CDATA[0]]></dc:SiteServer_TableStyleID>
<dc:SiteServer_RelatedIdentity xmlns:dc="http://purl.org/dc/elements/1.1/"><![CDATA[0]]></dc:SiteServer_RelatedIdentity>
<dc:SiteServer_TableName xmlns:dc="http://purl.org/dc/elements/1.1/"><![CDATA[model_Content]]></dc:SiteServer_TableName>
<dc:SiteServer_AttributeName xmlns:dc="http://purl.org/dc/elements/1.1/"><![CDATA[Author]]></dc:SiteServer_AttributeName>
<dc:SiteServer_Taxis xmlns:dc="http://purl.org/dc/elements/1.1/"><![CDATA[7]]></dc:SiteServer_Taxis>
<dc:SiteServer_DisplayName xmlns:dc="http://purl.org/dc/elements/1.1/"><![CDATA[作者]]></dc:SiteServer_DisplayName>
<dc:SiteServer_IsVisibleInList xmlns:dc="http://purl.org/dc/elements/1.1/"><![CDATA[False]]></dc:SiteServer_IsVisibleInList>
<dc:SiteServer_InputType xmlns:dc="http://purl.org/dc/elements/1.1/"><![CDATA[Text]]></dc:SiteServer_InputType>
<dc:SiteServer_IsHorizontal xmlns:dc="http://purl.org/dc/elements/1.1/"><![CDATA[True]]></dc:SiteServer_IsHorizontal>
</feed>
