﻿<?xml version="1.0" encoding="utf-8"?>
<!--Generated by SiteServer CMS-->
<feed version="0.3" xmlns="http://purl.org/atom/ns#">
<title>siteserver channel</title>
<author>
<name>siteserver</name>
<url>http://www.siteserver.cn/</url>
</author>
<generator url="http://www.siteserver.cn/" version="1.0.6331.15997">Generated by SiteServer CMS</generator>
<modified>2018-01-20T18:02:10+08:00</modified>
<dc:SiteServer_PublishmentSystemId xmlns:dc="http://purl.org/dc/elements/1.1/"><![CDATA[802]]></dc:SiteServer_PublishmentSystemId>
<dc:SiteServer_PublishmentSystemName xmlns:dc="http://purl.org/dc/elements/1.1/"><![CDATA[Pavel]]></dc:SiteServer_PublishmentSystemName>
<dc:SiteServer_AuxiliaryTableForContent xmlns:dc="http://purl.org/dc/elements/1.1/"><![CDATA[model_Content]]></dc:SiteServer_AuxiliaryTableForContent>
<dc:SiteServer_AuxiliaryTableForGovPublic xmlns:dc="http://purl.org/dc/elements/1.1/"><![CDATA[model_WCM_GovPublic]]></dc:SiteServer_AuxiliaryTableForGovPublic>
<dc:SiteServer_AuxiliaryTableForGovInteract xmlns:dc="http://purl.org/dc/elements/1.1/"><![CDATA[model_WCM_GovInteract]]></dc:SiteServer_AuxiliaryTableForGovInteract>
<dc:SiteServer_AuxiliaryTableForJob xmlns:dc="http://purl.org/dc/elements/1.1/"><![CDATA[model_Job]]></dc:SiteServer_AuxiliaryTableForJob>
<dc:SiteServer_AuxiliaryTableForVote xmlns:dc="http://purl.org/dc/elements/1.1/"><![CDATA[model_Vote]]></dc:SiteServer_AuxiliaryTableForVote>
<dc:SiteServer_IsCheckContentUseLevel xmlns:dc="http://purl.org/dc/elements/1.1/"><![CDATA[False]]></dc:SiteServer_IsCheckContentUseLevel>
<dc:SiteServer_CheckContentLevel xmlns:dc="http://purl.org/dc/elements/1.1/"><![CDATA[1]]></dc:SiteServer_CheckContentLevel>
<dc:SiteServer_PublishmentSystemDir xmlns:dc="http://purl.org/dc/elements/1.1/"><![CDATA[Pavel]]></dc:SiteServer_PublishmentSystemDir>
<dc:SiteServer_PublishmentSystemUrl xmlns:dc="http://purl.org/dc/elements/1.1/"><![CDATA[/pavel]]></dc:SiteServer_PublishmentSystemUrl>
<dc:SiteServer_IsHeadquarters xmlns:dc="http://purl.org/dc/elements/1.1/"><![CDATA[False]]></dc:SiteServer_IsHeadquarters>
<dc:SiteServer_ParentPublishmentSystemId xmlns:dc="http://purl.org/dc/elements/1.1/"><![CDATA[0]]></dc:SiteServer_ParentPublishmentSystemId>
<dc:SiteServer_Taxis xmlns:dc="http://purl.org/dc/elements/1.1/"><![CDATA[25]]></dc:SiteServer_Taxis>
<dc:SiteServer_SettingsXml xmlns:dc="http://purl.org/dc/elements/1.1/"><![CDATA[charset=utf-8&logo=@/upload/images/2018/1/20164526348.png&configuploadimageistitleimage=False&configuploadimagetitleimagewidth=300&configuploadimagetitleimageheight=&configuploadimageistitleimagelesssizenotthumb=False&configuploadimageisshowimageintexteditor=False&configuploadimageislinktooriginal=False&configuploadimageissmallimage=True&configuploadimagesmallimagewidth=500&configuploadimagesmallimageheight=&configuploadimageissmallimagelesssizenotthumb=False&address=北京市海淀区学院路&iphone=010-25288657&email=admin@siteserver.cn&ismultideployment=False&outerurl=&innerurl=&apiurl=/api&homeurl=/home]]></dc:SiteServer_SettingsXml>
<dc:SiteServer_DefaultIndexTemplateName xmlns:dc="http://purl.org/dc/elements/1.1/"><![CDATA[系统首页模板]]></dc:SiteServer_DefaultIndexTemplateName>
<dc:SiteServer_DefaultChannelTemplateName xmlns:dc="http://purl.org/dc/elements/1.1/"><![CDATA[系统栏目模板]]></dc:SiteServer_DefaultChannelTemplateName>
<dc:SiteServer_DefaultContentTemplateName xmlns:dc="http://purl.org/dc/elements/1.1/"><![CDATA[系统内容模板]]></dc:SiteServer_DefaultContentTemplateName>
<entry>
<title>title</title>
<id>http://www.siteserver.cn/</id>
<modified>2018-01-20T18:02:10+08:00</modified>
<issued>2018-01-20T18:02:10+08:00</issued>
<created>2018-01-20T18:02:10+08:00</created>
<dc:SiteServer_IsNodeGroup xmlns:dc="http://purl.org/dc/elements/1.1/"><![CDATA[True]]></dc:SiteServer_IsNodeGroup>
<dc:SiteServer_NodeGroupName xmlns:dc="http://purl.org/dc/elements/1.1/"><![CDATA[nav]]></dc:SiteServer_NodeGroupName>
<dc:SiteServer_Taxis xmlns:dc="http://purl.org/dc/elements/1.1/"><![CDATA[1]]></dc:SiteServer_Taxis>
</entry>
</feed>
