﻿<?xml version="1.0" encoding="utf-8"?>
<!--Generated by SiteServer CMS-->
<feed version="0.3" xmlns="http://purl.org/atom/ns#">
<title>siteserver channel</title>
<author>
<name>siteserver</name>
<url>http://www.siteserver.cn/</url>
</author>
<generator url="http://www.siteserver.cn/" version="1.0.6331.15997">Generated by SiteServer CMS</generator>
<modified>2017-09-08T10:55:10+08:00</modified>
<dc:SiteServer_TableENName xmlns:dc="http://purl.org/dc/elements/1.1/"><![CDATA[model_WCM_GovPublic]]></dc:SiteServer_TableENName>
<dc:SiteServer_TableCNName xmlns:dc="http://purl.org/dc/elements/1.1/"><![CDATA[信息公开内容表]]></dc:SiteServer_TableCNName>
<dc:SiteServer_AttributeNum xmlns:dc="http://purl.org/dc/elements/1.1/"><![CDATA[0]]></dc:SiteServer_AttributeNum>
<dc:SiteServer_AuxiliaryTableType xmlns:dc="http://purl.org/dc/elements/1.1/"><![CDATA[GovPublicContent]]></dc:SiteServer_AuxiliaryTableType>
<dc:SiteServer_IsCreatedInDB xmlns:dc="http://purl.org/dc/elements/1.1/"><![CDATA[True]]></dc:SiteServer_IsCreatedInDB>
<dc:SiteServer_IsChangedAfterCreatedInDB xmlns:dc="http://purl.org/dc/elements/1.1/"><![CDATA[False]]></dc:SiteServer_IsChangedAfterCreatedInDB>
<entry>
<title>title</title>
<id>http://www.siteserver.cn/</id>
<modified>2017-09-08T10:55:10+08:00</modified>
<issued>2017-09-08T10:55:10+08:00</issued>
<created>2017-09-08T10:55:10+08:00</created>
<dc:SiteServer_TableMetadataID xmlns:dc="http://purl.org/dc/elements/1.1/"><![CDATA[35]]></dc:SiteServer_TableMetadataID>
<dc:SiteServer_AuxiliaryTableENName xmlns:dc="http://purl.org/dc/elements/1.1/"><![CDATA[model_WCM_GovPublic]]></dc:SiteServer_AuxiliaryTableENName>
<dc:SiteServer_AttributeName xmlns:dc="http://purl.org/dc/elements/1.1/"><![CDATA[Title]]></dc:SiteServer_AttributeName>
<dc:SiteServer_DataType xmlns:dc="http://purl.org/dc/elements/1.1/"><![CDATA[NVarChar]]></dc:SiteServer_DataType>
<dc:SiteServer_DataLength xmlns:dc="http://purl.org/dc/elements/1.1/"><![CDATA[255]]></dc:SiteServer_DataLength>
<dc:SiteServer_Taxis xmlns:dc="http://purl.org/dc/elements/1.1/"><![CDATA[1]]></dc:SiteServer_Taxis>
<dc:SiteServer_IsSystem xmlns:dc="http://purl.org/dc/elements/1.1/"><![CDATA[True]]></dc:SiteServer_IsSystem>
</entry>
<entry>
<title>title</title>
<id>http://www.siteserver.cn/</id>
<modified>2017-09-08T10:55:10+08:00</modified>
<issued>2017-09-08T10:55:10+08:00</issued>
<created>2017-09-08T10:55:10+08:00</created>
<dc:SiteServer_TableMetadataID xmlns:dc="http://purl.org/dc/elements/1.1/"><![CDATA[36]]></dc:SiteServer_TableMetadataID>
<dc:SiteServer_AuxiliaryTableENName xmlns:dc="http://purl.org/dc/elements/1.1/"><![CDATA[model_WCM_GovPublic]]></dc:SiteServer_AuxiliaryTableENName>
<dc:SiteServer_AttributeName xmlns:dc="http://purl.org/dc/elements/1.1/"><![CDATA[Identifier]]></dc:SiteServer_AttributeName>
<dc:SiteServer_DataType xmlns:dc="http://purl.org/dc/elements/1.1/"><![CDATA[NVarChar]]></dc:SiteServer_DataType>
<dc:SiteServer_DataLength xmlns:dc="http://purl.org/dc/elements/1.1/"><![CDATA[255]]></dc:SiteServer_DataLength>
<dc:SiteServer_Taxis xmlns:dc="http://purl.org/dc/elements/1.1/"><![CDATA[2]]></dc:SiteServer_Taxis>
<dc:SiteServer_IsSystem xmlns:dc="http://purl.org/dc/elements/1.1/"><![CDATA[True]]></dc:SiteServer_IsSystem>
</entry>
<entry>
<title>title</title>
<id>http://www.siteserver.cn/</id>
<modified>2017-09-08T10:55:10+08:00</modified>
<issued>2017-09-08T10:55:10+08:00</issued>
<created>2017-09-08T10:55:10+08:00</created>
<dc:SiteServer_TableMetadataID xmlns:dc="http://purl.org/dc/elements/1.1/"><![CDATA[37]]></dc:SiteServer_TableMetadataID>
<dc:SiteServer_AuxiliaryTableENName xmlns:dc="http://purl.org/dc/elements/1.1/"><![CDATA[model_WCM_GovPublic]]></dc:SiteServer_AuxiliaryTableENName>
<dc:SiteServer_AttributeName xmlns:dc="http://purl.org/dc/elements/1.1/"><![CDATA[Description]]></dc:SiteServer_AttributeName>
<dc:SiteServer_DataType xmlns:dc="http://purl.org/dc/elements/1.1/"><![CDATA[NText]]></dc:SiteServer_DataType>
<dc:SiteServer_DataLength xmlns:dc="http://purl.org/dc/elements/1.1/"><![CDATA[16]]></dc:SiteServer_DataLength>
<dc:SiteServer_Taxis xmlns:dc="http://purl.org/dc/elements/1.1/"><![CDATA[3]]></dc:SiteServer_Taxis>
<dc:SiteServer_IsSystem xmlns:dc="http://purl.org/dc/elements/1.1/"><![CDATA[True]]></dc:SiteServer_IsSystem>
</entry>
<entry>
<title>title</title>
<id>http://www.siteserver.cn/</id>
<modified>2017-09-08T10:55:10+08:00</modified>
<issued>2017-09-08T10:55:10+08:00</issued>
<created>2017-09-08T10:55:10+08:00</created>
<dc:SiteServer_TableMetadataID xmlns:dc="http://purl.org/dc/elements/1.1/"><![CDATA[38]]></dc:SiteServer_TableMetadataID>
<dc:SiteServer_AuxiliaryTableENName xmlns:dc="http://purl.org/dc/elements/1.1/"><![CDATA[model_WCM_GovPublic]]></dc:SiteServer_AuxiliaryTableENName>
<dc:SiteServer_AttributeName xmlns:dc="http://purl.org/dc/elements/1.1/"><![CDATA[PublishDate]]></dc:SiteServer_AttributeName>
<dc:SiteServer_DataType xmlns:dc="http://purl.org/dc/elements/1.1/"><![CDATA[DateTime]]></dc:SiteServer_DataType>
<dc:SiteServer_DataLength xmlns:dc="http://purl.org/dc/elements/1.1/"><![CDATA[8]]></dc:SiteServer_DataLength>
<dc:SiteServer_Taxis xmlns:dc="http://purl.org/dc/elements/1.1/"><![CDATA[4]]></dc:SiteServer_Taxis>
<dc:SiteServer_IsSystem xmlns:dc="http://purl.org/dc/elements/1.1/"><![CDATA[True]]></dc:SiteServer_IsSystem>
</entry>
<entry>
<title>title</title>
<id>http://www.siteserver.cn/</id>
<modified>2017-09-08T10:55:10+08:00</modified>
<issued>2017-09-08T10:55:10+08:00</issued>
<created>2017-09-08T10:55:10+08:00</created>
<dc:SiteServer_TableMetadataID xmlns:dc="http://purl.org/dc/elements/1.1/"><![CDATA[39]]></dc:SiteServer_TableMetadataID>
<dc:SiteServer_AuxiliaryTableENName xmlns:dc="http://purl.org/dc/elements/1.1/"><![CDATA[model_WCM_GovPublic]]></dc:SiteServer_AuxiliaryTableENName>
<dc:SiteServer_AttributeName xmlns:dc="http://purl.org/dc/elements/1.1/"><![CDATA[EffectDate]]></dc:SiteServer_AttributeName>
<dc:SiteServer_DataType xmlns:dc="http://purl.org/dc/elements/1.1/"><![CDATA[DateTime]]></dc:SiteServer_DataType>
<dc:SiteServer_DataLength xmlns:dc="http://purl.org/dc/elements/1.1/"><![CDATA[8]]></dc:SiteServer_DataLength>
<dc:SiteServer_Taxis xmlns:dc="http://purl.org/dc/elements/1.1/"><![CDATA[5]]></dc:SiteServer_Taxis>
<dc:SiteServer_IsSystem xmlns:dc="http://purl.org/dc/elements/1.1/"><![CDATA[True]]></dc:SiteServer_IsSystem>
</entry>
<entry>
<title>title</title>
<id>http://www.siteserver.cn/</id>
<modified>2017-09-08T10:55:10+08:00</modified>
<issued>2017-09-08T10:55:10+08:00</issued>
<created>2017-09-08T10:55:10+08:00</created>
<dc:SiteServer_TableMetadataID xmlns:dc="http://purl.org/dc/elements/1.1/"><![CDATA[40]]></dc:SiteServer_TableMetadataID>
<dc:SiteServer_AuxiliaryTableENName xmlns:dc="http://purl.org/dc/elements/1.1/"><![CDATA[model_WCM_GovPublic]]></dc:SiteServer_AuxiliaryTableENName>
<dc:SiteServer_AttributeName xmlns:dc="http://purl.org/dc/elements/1.1/"><![CDATA[IsAbolition]]></dc:SiteServer_AttributeName>
<dc:SiteServer_DataType xmlns:dc="http://purl.org/dc/elements/1.1/"><![CDATA[VarChar]]></dc:SiteServer_DataType>
<dc:SiteServer_DataLength xmlns:dc="http://purl.org/dc/elements/1.1/"><![CDATA[18]]></dc:SiteServer_DataLength>
<dc:SiteServer_Taxis xmlns:dc="http://purl.org/dc/elements/1.1/"><![CDATA[6]]></dc:SiteServer_Taxis>
<dc:SiteServer_IsSystem xmlns:dc="http://purl.org/dc/elements/1.1/"><![CDATA[True]]></dc:SiteServer_IsSystem>
</entry>
<entry>
<title>title</title>
<id>http://www.siteserver.cn/</id>
<modified>2017-09-08T10:55:10+08:00</modified>
<issued>2017-09-08T10:55:10+08:00</issued>
<created>2017-09-08T10:55:10+08:00</created>
<dc:SiteServer_TableMetadataID xmlns:dc="http://purl.org/dc/elements/1.1/"><![CDATA[41]]></dc:SiteServer_TableMetadataID>
<dc:SiteServer_AuxiliaryTableENName xmlns:dc="http://purl.org/dc/elements/1.1/"><![CDATA[model_WCM_GovPublic]]></dc:SiteServer_AuxiliaryTableENName>
<dc:SiteServer_AttributeName xmlns:dc="http://purl.org/dc/elements/1.1/"><![CDATA[AbolitionDate]]></dc:SiteServer_AttributeName>
<dc:SiteServer_DataType xmlns:dc="http://purl.org/dc/elements/1.1/"><![CDATA[DateTime]]></dc:SiteServer_DataType>
<dc:SiteServer_DataLength xmlns:dc="http://purl.org/dc/elements/1.1/"><![CDATA[8]]></dc:SiteServer_DataLength>
<dc:SiteServer_Taxis xmlns:dc="http://purl.org/dc/elements/1.1/"><![CDATA[7]]></dc:SiteServer_Taxis>
<dc:SiteServer_IsSystem xmlns:dc="http://purl.org/dc/elements/1.1/"><![CDATA[True]]></dc:SiteServer_IsSystem>
</entry>
<entry>
<title>title</title>
<id>http://www.siteserver.cn/</id>
<modified>2017-09-08T10:55:10+08:00</modified>
<issued>2017-09-08T10:55:10+08:00</issued>
<created>2017-09-08T10:55:10+08:00</created>
<dc:SiteServer_TableMetadataID xmlns:dc="http://purl.org/dc/elements/1.1/"><![CDATA[42]]></dc:SiteServer_TableMetadataID>
<dc:SiteServer_AuxiliaryTableENName xmlns:dc="http://purl.org/dc/elements/1.1/"><![CDATA[model_WCM_GovPublic]]></dc:SiteServer_AuxiliaryTableENName>
<dc:SiteServer_AttributeName xmlns:dc="http://purl.org/dc/elements/1.1/"><![CDATA[DocumentNo]]></dc:SiteServer_AttributeName>
<dc:SiteServer_DataType xmlns:dc="http://purl.org/dc/elements/1.1/"><![CDATA[NVarChar]]></dc:SiteServer_DataType>
<dc:SiteServer_DataLength xmlns:dc="http://purl.org/dc/elements/1.1/"><![CDATA[255]]></dc:SiteServer_DataLength>
<dc:SiteServer_Taxis xmlns:dc="http://purl.org/dc/elements/1.1/"><![CDATA[8]]></dc:SiteServer_Taxis>
<dc:SiteServer_IsSystem xmlns:dc="http://purl.org/dc/elements/1.1/"><![CDATA[True]]></dc:SiteServer_IsSystem>
</entry>
<entry>
<title>title</title>
<id>http://www.siteserver.cn/</id>
<modified>2017-09-08T10:55:10+08:00</modified>
<issued>2017-09-08T10:55:10+08:00</issued>
<created>2017-09-08T10:55:10+08:00</created>
<dc:SiteServer_TableMetadataID xmlns:dc="http://purl.org/dc/elements/1.1/"><![CDATA[43]]></dc:SiteServer_TableMetadataID>
<dc:SiteServer_AuxiliaryTableENName xmlns:dc="http://purl.org/dc/elements/1.1/"><![CDATA[model_WCM_GovPublic]]></dc:SiteServer_AuxiliaryTableENName>
<dc:SiteServer_AttributeName xmlns:dc="http://purl.org/dc/elements/1.1/"><![CDATA[Publisher]]></dc:SiteServer_AttributeName>
<dc:SiteServer_DataType xmlns:dc="http://purl.org/dc/elements/1.1/"><![CDATA[NVarChar]]></dc:SiteServer_DataType>
<dc:SiteServer_DataLength xmlns:dc="http://purl.org/dc/elements/1.1/"><![CDATA[255]]></dc:SiteServer_DataLength>
<dc:SiteServer_Taxis xmlns:dc="http://purl.org/dc/elements/1.1/"><![CDATA[9]]></dc:SiteServer_Taxis>
<dc:SiteServer_IsSystem xmlns:dc="http://purl.org/dc/elements/1.1/"><![CDATA[True]]></dc:SiteServer_IsSystem>
</entry>
<entry>
<title>title</title>
<id>http://www.siteserver.cn/</id>
<modified>2017-09-08T10:55:10+08:00</modified>
<issued>2017-09-08T10:55:10+08:00</issued>
<created>2017-09-08T10:55:10+08:00</created>
<dc:SiteServer_TableMetadataID xmlns:dc="http://purl.org/dc/elements/1.1/"><![CDATA[44]]></dc:SiteServer_TableMetadataID>
<dc:SiteServer_AuxiliaryTableENName xmlns:dc="http://purl.org/dc/elements/1.1/"><![CDATA[model_WCM_GovPublic]]></dc:SiteServer_AuxiliaryTableENName>
<dc:SiteServer_AttributeName xmlns:dc="http://purl.org/dc/elements/1.1/"><![CDATA[Keywords]]></dc:SiteServer_AttributeName>
<dc:SiteServer_DataType xmlns:dc="http://purl.org/dc/elements/1.1/"><![CDATA[NVarChar]]></dc:SiteServer_DataType>
<dc:SiteServer_DataLength xmlns:dc="http://purl.org/dc/elements/1.1/"><![CDATA[255]]></dc:SiteServer_DataLength>
<dc:SiteServer_Taxis xmlns:dc="http://purl.org/dc/elements/1.1/"><![CDATA[10]]></dc:SiteServer_Taxis>
<dc:SiteServer_IsSystem xmlns:dc="http://purl.org/dc/elements/1.1/"><![CDATA[True]]></dc:SiteServer_IsSystem>
</entry>
<entry>
<title>title</title>
<id>http://www.siteserver.cn/</id>
<modified>2017-09-08T10:55:10+08:00</modified>
<issued>2017-09-08T10:55:10+08:00</issued>
<created>2017-09-08T10:55:10+08:00</created>
<dc:SiteServer_TableMetadataID xmlns:dc="http://purl.org/dc/elements/1.1/"><![CDATA[45]]></dc:SiteServer_TableMetadataID>
<dc:SiteServer_AuxiliaryTableENName xmlns:dc="http://purl.org/dc/elements/1.1/"><![CDATA[model_WCM_GovPublic]]></dc:SiteServer_AuxiliaryTableENName>
<dc:SiteServer_AttributeName xmlns:dc="http://purl.org/dc/elements/1.1/"><![CDATA[ImageUrl]]></dc:SiteServer_AttributeName>
<dc:SiteServer_DataType xmlns:dc="http://purl.org/dc/elements/1.1/"><![CDATA[NVarChar]]></dc:SiteServer_DataType>
<dc:SiteServer_DataLength xmlns:dc="http://purl.org/dc/elements/1.1/"><![CDATA[255]]></dc:SiteServer_DataLength>
<dc:SiteServer_Taxis xmlns:dc="http://purl.org/dc/elements/1.1/"><![CDATA[11]]></dc:SiteServer_Taxis>
<dc:SiteServer_IsSystem xmlns:dc="http://purl.org/dc/elements/1.1/"><![CDATA[True]]></dc:SiteServer_IsSystem>
</entry>
<entry>
<title>title</title>
<id>http://www.siteserver.cn/</id>
<modified>2017-09-08T10:55:10+08:00</modified>
<issued>2017-09-08T10:55:10+08:00</issued>
<created>2017-09-08T10:55:10+08:00</created>
<dc:SiteServer_TableMetadataID xmlns:dc="http://purl.org/dc/elements/1.1/"><![CDATA[46]]></dc:SiteServer_TableMetadataID>
<dc:SiteServer_AuxiliaryTableENName xmlns:dc="http://purl.org/dc/elements/1.1/"><![CDATA[model_WCM_GovPublic]]></dc:SiteServer_AuxiliaryTableENName>
<dc:SiteServer_AttributeName xmlns:dc="http://purl.org/dc/elements/1.1/"><![CDATA[FileUrl]]></dc:SiteServer_AttributeName>
<dc:SiteServer_DataType xmlns:dc="http://purl.org/dc/elements/1.1/"><![CDATA[NVarChar]]></dc:SiteServer_DataType>
<dc:SiteServer_DataLength xmlns:dc="http://purl.org/dc/elements/1.1/"><![CDATA[255]]></dc:SiteServer_DataLength>
<dc:SiteServer_Taxis xmlns:dc="http://purl.org/dc/elements/1.1/"><![CDATA[12]]></dc:SiteServer_Taxis>
<dc:SiteServer_IsSystem xmlns:dc="http://purl.org/dc/elements/1.1/"><![CDATA[True]]></dc:SiteServer_IsSystem>
</entry>
<entry>
<title>title</title>
<id>http://www.siteserver.cn/</id>
<modified>2017-09-08T10:55:10+08:00</modified>
<issued>2017-09-08T10:55:10+08:00</issued>
<created>2017-09-08T10:55:10+08:00</created>
<dc:SiteServer_TableMetadataID xmlns:dc="http://purl.org/dc/elements/1.1/"><![CDATA[47]]></dc:SiteServer_TableMetadataID>
<dc:SiteServer_AuxiliaryTableENName xmlns:dc="http://purl.org/dc/elements/1.1/"><![CDATA[model_WCM_GovPublic]]></dc:SiteServer_AuxiliaryTableENName>
<dc:SiteServer_AttributeName xmlns:dc="http://purl.org/dc/elements/1.1/"><![CDATA[IsRecommend]]></dc:SiteServer_AttributeName>
<dc:SiteServer_DataType xmlns:dc="http://purl.org/dc/elements/1.1/"><![CDATA[VarChar]]></dc:SiteServer_DataType>
<dc:SiteServer_DataLength xmlns:dc="http://purl.org/dc/elements/1.1/"><![CDATA[18]]></dc:SiteServer_DataLength>
<dc:SiteServer_Taxis xmlns:dc="http://purl.org/dc/elements/1.1/"><![CDATA[13]]></dc:SiteServer_Taxis>
<dc:SiteServer_IsSystem xmlns:dc="http://purl.org/dc/elements/1.1/"><![CDATA[True]]></dc:SiteServer_IsSystem>
</entry>
<entry>
<title>title</title>
<id>http://www.siteserver.cn/</id>
<modified>2017-09-08T10:55:10+08:00</modified>
<issued>2017-09-08T10:55:10+08:00</issued>
<created>2017-09-08T10:55:10+08:00</created>
<dc:SiteServer_TableMetadataID xmlns:dc="http://purl.org/dc/elements/1.1/"><![CDATA[48]]></dc:SiteServer_TableMetadataID>
<dc:SiteServer_AuxiliaryTableENName xmlns:dc="http://purl.org/dc/elements/1.1/"><![CDATA[model_WCM_GovPublic]]></dc:SiteServer_AuxiliaryTableENName>
<dc:SiteServer_AttributeName xmlns:dc="http://purl.org/dc/elements/1.1/"><![CDATA[IsHot]]></dc:SiteServer_AttributeName>
<dc:SiteServer_DataType xmlns:dc="http://purl.org/dc/elements/1.1/"><![CDATA[VarChar]]></dc:SiteServer_DataType>
<dc:SiteServer_DataLength xmlns:dc="http://purl.org/dc/elements/1.1/"><![CDATA[18]]></dc:SiteServer_DataLength>
<dc:SiteServer_Taxis xmlns:dc="http://purl.org/dc/elements/1.1/"><![CDATA[14]]></dc:SiteServer_Taxis>
<dc:SiteServer_IsSystem xmlns:dc="http://purl.org/dc/elements/1.1/"><![CDATA[True]]></dc:SiteServer_IsSystem>
</entry>
<entry>
<title>title</title>
<id>http://www.siteserver.cn/</id>
<modified>2017-09-08T10:55:10+08:00</modified>
<issued>2017-09-08T10:55:10+08:00</issued>
<created>2017-09-08T10:55:10+08:00</created>
<dc:SiteServer_TableMetadataID xmlns:dc="http://purl.org/dc/elements/1.1/"><![CDATA[49]]></dc:SiteServer_TableMetadataID>
<dc:SiteServer_AuxiliaryTableENName xmlns:dc="http://purl.org/dc/elements/1.1/"><![CDATA[model_WCM_GovPublic]]></dc:SiteServer_AuxiliaryTableENName>
<dc:SiteServer_AttributeName xmlns:dc="http://purl.org/dc/elements/1.1/"><![CDATA[IsColor]]></dc:SiteServer_AttributeName>
<dc:SiteServer_DataType xmlns:dc="http://purl.org/dc/elements/1.1/"><![CDATA[VarChar]]></dc:SiteServer_DataType>
<dc:SiteServer_DataLength xmlns:dc="http://purl.org/dc/elements/1.1/"><![CDATA[18]]></dc:SiteServer_DataLength>
<dc:SiteServer_Taxis xmlns:dc="http://purl.org/dc/elements/1.1/"><![CDATA[15]]></dc:SiteServer_Taxis>
<dc:SiteServer_IsSystem xmlns:dc="http://purl.org/dc/elements/1.1/"><![CDATA[True]]></dc:SiteServer_IsSystem>
</entry>
<entry>
<title>title</title>
<id>http://www.siteserver.cn/</id>
<modified>2017-09-08T10:55:10+08:00</modified>
<issued>2017-09-08T10:55:10+08:00</issued>
<created>2017-09-08T10:55:10+08:00</created>
<dc:SiteServer_TableMetadataID xmlns:dc="http://purl.org/dc/elements/1.1/"><![CDATA[50]]></dc:SiteServer_TableMetadataID>
<dc:SiteServer_AuxiliaryTableENName xmlns:dc="http://purl.org/dc/elements/1.1/"><![CDATA[model_WCM_GovPublic]]></dc:SiteServer_AuxiliaryTableENName>
<dc:SiteServer_AttributeName xmlns:dc="http://purl.org/dc/elements/1.1/"><![CDATA[IsTop]]></dc:SiteServer_AttributeName>
<dc:SiteServer_DataType xmlns:dc="http://purl.org/dc/elements/1.1/"><![CDATA[VarChar]]></dc:SiteServer_DataType>
<dc:SiteServer_DataLength xmlns:dc="http://purl.org/dc/elements/1.1/"><![CDATA[18]]></dc:SiteServer_DataLength>
<dc:SiteServer_Taxis xmlns:dc="http://purl.org/dc/elements/1.1/"><![CDATA[16]]></dc:SiteServer_Taxis>
<dc:SiteServer_IsSystem xmlns:dc="http://purl.org/dc/elements/1.1/"><![CDATA[True]]></dc:SiteServer_IsSystem>
</entry>
<entry>
<title>title</title>
<id>http://www.siteserver.cn/</id>
<modified>2017-09-08T10:55:10+08:00</modified>
<issued>2017-09-08T10:55:10+08:00</issued>
<created>2017-09-08T10:55:10+08:00</created>
<dc:SiteServer_TableMetadataID xmlns:dc="http://purl.org/dc/elements/1.1/"><![CDATA[51]]></dc:SiteServer_TableMetadataID>
<dc:SiteServer_AuxiliaryTableENName xmlns:dc="http://purl.org/dc/elements/1.1/"><![CDATA[model_WCM_GovPublic]]></dc:SiteServer_AuxiliaryTableENName>
<dc:SiteServer_AttributeName xmlns:dc="http://purl.org/dc/elements/1.1/"><![CDATA[Content]]></dc:SiteServer_AttributeName>
<dc:SiteServer_DataType xmlns:dc="http://purl.org/dc/elements/1.1/"><![CDATA[NText]]></dc:SiteServer_DataType>
<dc:SiteServer_DataLength xmlns:dc="http://purl.org/dc/elements/1.1/"><![CDATA[16]]></dc:SiteServer_DataLength>
<dc:SiteServer_Taxis xmlns:dc="http://purl.org/dc/elements/1.1/"><![CDATA[17]]></dc:SiteServer_Taxis>
<dc:SiteServer_IsSystem xmlns:dc="http://purl.org/dc/elements/1.1/"><![CDATA[True]]></dc:SiteServer_IsSystem>
</entry>
<entry>
<title>title</title>
<id>http://www.siteserver.cn/</id>
<modified>2017-09-08T10:55:10+08:00</modified>
<issued>2017-09-08T10:55:10+08:00</issued>
<created>2017-09-08T10:55:10+08:00</created>
<dc:SiteServer_TableMetadataID xmlns:dc="http://purl.org/dc/elements/1.1/"><![CDATA[52]]></dc:SiteServer_TableMetadataID>
<dc:SiteServer_AuxiliaryTableENName xmlns:dc="http://purl.org/dc/elements/1.1/"><![CDATA[model_WCM_GovPublic]]></dc:SiteServer_AuxiliaryTableENName>
<dc:SiteServer_AttributeName xmlns:dc="http://purl.org/dc/elements/1.1/"><![CDATA[AddDate]]></dc:SiteServer_AttributeName>
<dc:SiteServer_DataType xmlns:dc="http://purl.org/dc/elements/1.1/"><![CDATA[DateTime]]></dc:SiteServer_DataType>
<dc:SiteServer_DataLength xmlns:dc="http://purl.org/dc/elements/1.1/"><![CDATA[8]]></dc:SiteServer_DataLength>
<dc:SiteServer_Taxis xmlns:dc="http://purl.org/dc/elements/1.1/"><![CDATA[18]]></dc:SiteServer_Taxis>
<dc:SiteServer_IsSystem xmlns:dc="http://purl.org/dc/elements/1.1/"><![CDATA[True]]></dc:SiteServer_IsSystem>
</entry>
</feed>
