﻿<?xml version="1.0" encoding="utf-8"?>
<!--Generated by SiteServer CMS-->
<feed version="0.3" xmlns="http://purl.org/atom/ns#">
<title>siteserver channel</title>
<author>
<name>siteserver</name>
<url>http://www.siteserver.cn/</url>
</author>
<generator url="http://www.siteserver.cn/" version="1.0.6331.15997">Generated by SiteServer CMS</generator>
<modified>2017-09-08T10:55:10+08:00</modified>
<dc:SiteServer_TableENName xmlns:dc="http://purl.org/dc/elements/1.1/"><![CDATA[model_Job]]></dc:SiteServer_TableENName>
<dc:SiteServer_TableCNName xmlns:dc="http://purl.org/dc/elements/1.1/"><![CDATA[招聘内容表]]></dc:SiteServer_TableCNName>
<dc:SiteServer_AttributeNum xmlns:dc="http://purl.org/dc/elements/1.1/"><![CDATA[0]]></dc:SiteServer_AttributeNum>
<dc:SiteServer_AuxiliaryTableType xmlns:dc="http://purl.org/dc/elements/1.1/"><![CDATA[JobContent]]></dc:SiteServer_AuxiliaryTableType>
<dc:SiteServer_IsCreatedInDB xmlns:dc="http://purl.org/dc/elements/1.1/"><![CDATA[True]]></dc:SiteServer_IsCreatedInDB>
<dc:SiteServer_IsChangedAfterCreatedInDB xmlns:dc="http://purl.org/dc/elements/1.1/"><![CDATA[False]]></dc:SiteServer_IsChangedAfterCreatedInDB>
<entry>
<title>title</title>
<id>http://www.siteserver.cn/</id>
<modified>2017-09-08T10:55:10+08:00</modified>
<issued>2017-09-08T10:55:10+08:00</issued>
<created>2017-09-08T10:55:10+08:00</created>
<dc:SiteServer_TableMetadataID xmlns:dc="http://purl.org/dc/elements/1.1/"><![CDATA[16]]></dc:SiteServer_TableMetadataID>
<dc:SiteServer_AuxiliaryTableENName xmlns:dc="http://purl.org/dc/elements/1.1/"><![CDATA[model_Job]]></dc:SiteServer_AuxiliaryTableENName>
<dc:SiteServer_AttributeName xmlns:dc="http://purl.org/dc/elements/1.1/"><![CDATA[Title]]></dc:SiteServer_AttributeName>
<dc:SiteServer_DataType xmlns:dc="http://purl.org/dc/elements/1.1/"><![CDATA[NVarChar]]></dc:SiteServer_DataType>
<dc:SiteServer_DataLength xmlns:dc="http://purl.org/dc/elements/1.1/"><![CDATA[255]]></dc:SiteServer_DataLength>
<dc:SiteServer_Taxis xmlns:dc="http://purl.org/dc/elements/1.1/"><![CDATA[1]]></dc:SiteServer_Taxis>
<dc:SiteServer_IsSystem xmlns:dc="http://purl.org/dc/elements/1.1/"><![CDATA[True]]></dc:SiteServer_IsSystem>
</entry>
<entry>
<title>title</title>
<id>http://www.siteserver.cn/</id>
<modified>2017-09-08T10:55:10+08:00</modified>
<issued>2017-09-08T10:55:10+08:00</issued>
<created>2017-09-08T10:55:10+08:00</created>
<dc:SiteServer_TableMetadataID xmlns:dc="http://purl.org/dc/elements/1.1/"><![CDATA[17]]></dc:SiteServer_TableMetadataID>
<dc:SiteServer_AuxiliaryTableENName xmlns:dc="http://purl.org/dc/elements/1.1/"><![CDATA[model_Job]]></dc:SiteServer_AuxiliaryTableENName>
<dc:SiteServer_AttributeName xmlns:dc="http://purl.org/dc/elements/1.1/"><![CDATA[Department]]></dc:SiteServer_AttributeName>
<dc:SiteServer_DataType xmlns:dc="http://purl.org/dc/elements/1.1/"><![CDATA[NVarChar]]></dc:SiteServer_DataType>
<dc:SiteServer_DataLength xmlns:dc="http://purl.org/dc/elements/1.1/"><![CDATA[255]]></dc:SiteServer_DataLength>
<dc:SiteServer_Taxis xmlns:dc="http://purl.org/dc/elements/1.1/"><![CDATA[2]]></dc:SiteServer_Taxis>
<dc:SiteServer_IsSystem xmlns:dc="http://purl.org/dc/elements/1.1/"><![CDATA[True]]></dc:SiteServer_IsSystem>
</entry>
<entry>
<title>title</title>
<id>http://www.siteserver.cn/</id>
<modified>2017-09-08T10:55:10+08:00</modified>
<issued>2017-09-08T10:55:10+08:00</issued>
<created>2017-09-08T10:55:10+08:00</created>
<dc:SiteServer_TableMetadataID xmlns:dc="http://purl.org/dc/elements/1.1/"><![CDATA[18]]></dc:SiteServer_TableMetadataID>
<dc:SiteServer_AuxiliaryTableENName xmlns:dc="http://purl.org/dc/elements/1.1/"><![CDATA[model_Job]]></dc:SiteServer_AuxiliaryTableENName>
<dc:SiteServer_AttributeName xmlns:dc="http://purl.org/dc/elements/1.1/"><![CDATA[Location]]></dc:SiteServer_AttributeName>
<dc:SiteServer_DataType xmlns:dc="http://purl.org/dc/elements/1.1/"><![CDATA[NVarChar]]></dc:SiteServer_DataType>
<dc:SiteServer_DataLength xmlns:dc="http://purl.org/dc/elements/1.1/"><![CDATA[255]]></dc:SiteServer_DataLength>
<dc:SiteServer_Taxis xmlns:dc="http://purl.org/dc/elements/1.1/"><![CDATA[3]]></dc:SiteServer_Taxis>
<dc:SiteServer_IsSystem xmlns:dc="http://purl.org/dc/elements/1.1/"><![CDATA[True]]></dc:SiteServer_IsSystem>
</entry>
<entry>
<title>title</title>
<id>http://www.siteserver.cn/</id>
<modified>2017-09-08T10:55:10+08:00</modified>
<issued>2017-09-08T10:55:10+08:00</issued>
<created>2017-09-08T10:55:10+08:00</created>
<dc:SiteServer_TableMetadataID xmlns:dc="http://purl.org/dc/elements/1.1/"><![CDATA[19]]></dc:SiteServer_TableMetadataID>
<dc:SiteServer_AuxiliaryTableENName xmlns:dc="http://purl.org/dc/elements/1.1/"><![CDATA[model_Job]]></dc:SiteServer_AuxiliaryTableENName>
<dc:SiteServer_AttributeName xmlns:dc="http://purl.org/dc/elements/1.1/"><![CDATA[NumberOfPeople]]></dc:SiteServer_AttributeName>
<dc:SiteServer_DataType xmlns:dc="http://purl.org/dc/elements/1.1/"><![CDATA[NVarChar]]></dc:SiteServer_DataType>
<dc:SiteServer_DataLength xmlns:dc="http://purl.org/dc/elements/1.1/"><![CDATA[50]]></dc:SiteServer_DataLength>
<dc:SiteServer_Taxis xmlns:dc="http://purl.org/dc/elements/1.1/"><![CDATA[4]]></dc:SiteServer_Taxis>
<dc:SiteServer_IsSystem xmlns:dc="http://purl.org/dc/elements/1.1/"><![CDATA[True]]></dc:SiteServer_IsSystem>
</entry>
<entry>
<title>title</title>
<id>http://www.siteserver.cn/</id>
<modified>2017-09-08T10:55:10+08:00</modified>
<issued>2017-09-08T10:55:10+08:00</issued>
<created>2017-09-08T10:55:10+08:00</created>
<dc:SiteServer_TableMetadataID xmlns:dc="http://purl.org/dc/elements/1.1/"><![CDATA[20]]></dc:SiteServer_TableMetadataID>
<dc:SiteServer_AuxiliaryTableENName xmlns:dc="http://purl.org/dc/elements/1.1/"><![CDATA[model_Job]]></dc:SiteServer_AuxiliaryTableENName>
<dc:SiteServer_AttributeName xmlns:dc="http://purl.org/dc/elements/1.1/"><![CDATA[Responsibility]]></dc:SiteServer_AttributeName>
<dc:SiteServer_DataType xmlns:dc="http://purl.org/dc/elements/1.1/"><![CDATA[NText]]></dc:SiteServer_DataType>
<dc:SiteServer_DataLength xmlns:dc="http://purl.org/dc/elements/1.1/"><![CDATA[16]]></dc:SiteServer_DataLength>
<dc:SiteServer_Taxis xmlns:dc="http://purl.org/dc/elements/1.1/"><![CDATA[5]]></dc:SiteServer_Taxis>
<dc:SiteServer_IsSystem xmlns:dc="http://purl.org/dc/elements/1.1/"><![CDATA[True]]></dc:SiteServer_IsSystem>
</entry>
<entry>
<title>title</title>
<id>http://www.siteserver.cn/</id>
<modified>2017-09-08T10:55:10+08:00</modified>
<issued>2017-09-08T10:55:10+08:00</issued>
<created>2017-09-08T10:55:10+08:00</created>
<dc:SiteServer_TableMetadataID xmlns:dc="http://purl.org/dc/elements/1.1/"><![CDATA[21]]></dc:SiteServer_TableMetadataID>
<dc:SiteServer_AuxiliaryTableENName xmlns:dc="http://purl.org/dc/elements/1.1/"><![CDATA[model_Job]]></dc:SiteServer_AuxiliaryTableENName>
<dc:SiteServer_AttributeName xmlns:dc="http://purl.org/dc/elements/1.1/"><![CDATA[Requirement]]></dc:SiteServer_AttributeName>
<dc:SiteServer_DataType xmlns:dc="http://purl.org/dc/elements/1.1/"><![CDATA[NText]]></dc:SiteServer_DataType>
<dc:SiteServer_DataLength xmlns:dc="http://purl.org/dc/elements/1.1/"><![CDATA[16]]></dc:SiteServer_DataLength>
<dc:SiteServer_Taxis xmlns:dc="http://purl.org/dc/elements/1.1/"><![CDATA[6]]></dc:SiteServer_Taxis>
<dc:SiteServer_IsSystem xmlns:dc="http://purl.org/dc/elements/1.1/"><![CDATA[True]]></dc:SiteServer_IsSystem>
</entry>
<entry>
<title>title</title>
<id>http://www.siteserver.cn/</id>
<modified>2017-09-08T10:55:10+08:00</modified>
<issued>2017-09-08T10:55:10+08:00</issued>
<created>2017-09-08T10:55:10+08:00</created>
<dc:SiteServer_TableMetadataID xmlns:dc="http://purl.org/dc/elements/1.1/"><![CDATA[22]]></dc:SiteServer_TableMetadataID>
<dc:SiteServer_AuxiliaryTableENName xmlns:dc="http://purl.org/dc/elements/1.1/"><![CDATA[model_Job]]></dc:SiteServer_AuxiliaryTableENName>
<dc:SiteServer_AttributeName xmlns:dc="http://purl.org/dc/elements/1.1/"><![CDATA[IsUrgent]]></dc:SiteServer_AttributeName>
<dc:SiteServer_DataType xmlns:dc="http://purl.org/dc/elements/1.1/"><![CDATA[VarChar]]></dc:SiteServer_DataType>
<dc:SiteServer_DataLength xmlns:dc="http://purl.org/dc/elements/1.1/"><![CDATA[18]]></dc:SiteServer_DataLength>
<dc:SiteServer_Taxis xmlns:dc="http://purl.org/dc/elements/1.1/"><![CDATA[7]]></dc:SiteServer_Taxis>
<dc:SiteServer_IsSystem xmlns:dc="http://purl.org/dc/elements/1.1/"><![CDATA[True]]></dc:SiteServer_IsSystem>
</entry>
<entry>
<title>title</title>
<id>http://www.siteserver.cn/</id>
<modified>2017-09-08T10:55:10+08:00</modified>
<issued>2017-09-08T10:55:10+08:00</issued>
<created>2017-09-08T10:55:10+08:00</created>
<dc:SiteServer_TableMetadataID xmlns:dc="http://purl.org/dc/elements/1.1/"><![CDATA[23]]></dc:SiteServer_TableMetadataID>
<dc:SiteServer_AuxiliaryTableENName xmlns:dc="http://purl.org/dc/elements/1.1/"><![CDATA[model_Job]]></dc:SiteServer_AuxiliaryTableENName>
<dc:SiteServer_AttributeName xmlns:dc="http://purl.org/dc/elements/1.1/"><![CDATA[IsTop]]></dc:SiteServer_AttributeName>
<dc:SiteServer_DataType xmlns:dc="http://purl.org/dc/elements/1.1/"><![CDATA[VarChar]]></dc:SiteServer_DataType>
<dc:SiteServer_DataLength xmlns:dc="http://purl.org/dc/elements/1.1/"><![CDATA[18]]></dc:SiteServer_DataLength>
<dc:SiteServer_Taxis xmlns:dc="http://purl.org/dc/elements/1.1/"><![CDATA[8]]></dc:SiteServer_Taxis>
<dc:SiteServer_IsSystem xmlns:dc="http://purl.org/dc/elements/1.1/"><![CDATA[True]]></dc:SiteServer_IsSystem>
</entry>
<entry>
<title>title</title>
<id>http://www.siteserver.cn/</id>
<modified>2017-09-08T10:55:10+08:00</modified>
<issued>2017-09-08T10:55:10+08:00</issued>
<created>2017-09-08T10:55:10+08:00</created>
<dc:SiteServer_TableMetadataID xmlns:dc="http://purl.org/dc/elements/1.1/"><![CDATA[24]]></dc:SiteServer_TableMetadataID>
<dc:SiteServer_AuxiliaryTableENName xmlns:dc="http://purl.org/dc/elements/1.1/"><![CDATA[model_Job]]></dc:SiteServer_AuxiliaryTableENName>
<dc:SiteServer_AttributeName xmlns:dc="http://purl.org/dc/elements/1.1/"><![CDATA[AddDate]]></dc:SiteServer_AttributeName>
<dc:SiteServer_DataType xmlns:dc="http://purl.org/dc/elements/1.1/"><![CDATA[DateTime]]></dc:SiteServer_DataType>
<dc:SiteServer_DataLength xmlns:dc="http://purl.org/dc/elements/1.1/"><![CDATA[8]]></dc:SiteServer_DataLength>
<dc:SiteServer_Taxis xmlns:dc="http://purl.org/dc/elements/1.1/"><![CDATA[9]]></dc:SiteServer_Taxis>
<dc:SiteServer_IsSystem xmlns:dc="http://purl.org/dc/elements/1.1/"><![CDATA[True]]></dc:SiteServer_IsSystem>
</entry>
</feed>
